--
-- PostgreSQL database dump
--

-- Dumped from database version 17.4
-- Dumped by pg_dump version 17.4

SET statement_timeout = 0;
SET lock_timeout = 0;
SET idle_in_transaction_session_timeout = 0;
SET transaction_timeout = 0;
SET client_encoding = 'UTF8';
SET standard_conforming_strings = on;
SELECT pg_catalog.set_config('search_path', '', false);
SET check_function_bodies = false;
SET xmloption = content;
SET client_min_messages = warning;
SET row_security = off;

--
-- Data for Name: tenants; Type: TABLE DATA; Schema: public; Owner: matix_admin
--

INSERT INTO public.tenants VALUES ('b2222222-2222-4222-8222-222222222222', 'beta', 'Beta SUARL (TEST)', 'active', 'SN', 'XOF', 'fr', NULL, NULL, NULL, '2026-05-08 14:33:32.021632+04', '2026-05-08 14:33:32.021632+04', NULL, NULL);
INSERT INTO public.tenants VALUES ('966a57b8-16ba-45c2-962c-1538737cf63b', 'demo-corp', 'Demo Corp SUARL', 'trial', 'SN', 'XOF', 'fr', '123456789', NULL, NULL, '2026-05-08 16:34:27.126566+04', '2026-05-08 16:34:27.126566+04', NULL, NULL);
INSERT INTO public.tenants VALUES ('e7c38f54-4c01-456b-b822-e5484ed70f48', 'mata-mbao', 'Mata Mbao', 'active', 'SN', 'XOF', 'fr', NULL, NULL, NULL, '2026-05-08 17:22:16.978872+04', '2026-05-08 17:22:16.978872+04', NULL, NULL);
INSERT INTO public.tenants VALUES ('d90c99b4-f887-452e-b061-917da46c1aa6', 'mata-keur-massar', 'Mata Keur Massar', 'active', 'SN', 'XOF', 'fr', NULL, NULL, NULL, '2026-05-08 17:22:17.419236+04', '2026-05-08 17:22:17.419236+04', NULL, NULL);
INSERT INTO public.tenants VALUES ('a1111111-1111-4111-8111-111111111111', 'acme', 'Acme SARL (TEST)', 'active', 'SN', 'XOF', 'fr', NULL, NULL, NULL, '2026-05-08 14:33:32.021632+04', '2026-05-08 14:33:32.021632+04', NULL, '1537932f-1914-4417-b192-720f04aa0ebe');


--
-- Data for Name: customers; Type: TABLE DATA; Schema: public; Owner: matix_admin
--



--
-- Data for Name: document_sequences; Type: TABLE DATA; Schema: public; Owner: matix_admin
--

INSERT INTO public.document_sequences VALUES ('e7c38f54-4c01-456b-b822-e5484ed70f48', 'sale_ref', 1);


--
-- Data for Name: points_of_sale; Type: TABLE DATA; Schema: public; Owner: matix_admin
--

INSERT INTO public.points_of_sale VALUES ('9b00c2ef-69b3-4027-bb91-1d4e263ae8b7', 'e7c38f54-4c01-456b-b822-e5484ed70f48', 'pv-1', 'Mbao', NULL, NULL, true, '2026-05-08 17:22:17.065856+04', '2026-05-08 17:22:17.065856+04', NULL);
INSERT INTO public.points_of_sale VALUES ('cb11b86b-afb1-48bb-90f3-396c2d585d9d', 'd90c99b4-f887-452e-b061-917da46c1aa6', 'pv-1', 'Keur Massar', NULL, NULL, true, '2026-05-08 17:22:17.424842+04', '2026-05-08 17:22:17.424842+04', NULL);


--
-- Data for Name: product_categories; Type: TABLE DATA; Schema: public; Owner: matix_admin
--

INSERT INTO public.product_categories VALUES ('f518925c-e3fa-45e5-9db7-345434951210', 'a1111111-1111-4111-8111-111111111111', 'bovin', 'Bovin', 'Boucherie', 10, true, '2026-05-08 20:43:29.342989+04', '2026-05-08 20:43:29.342989+04', NULL);
INSERT INTO public.product_categories VALUES ('a3279409-7a3f-4f94-adca-1f67d20cf2d8', 'a1111111-1111-4111-8111-111111111111', 'ovin', 'Ovin', 'Boucherie', 20, true, '2026-05-08 20:43:29.342989+04', '2026-05-08 20:43:29.342989+04', NULL);
INSERT INTO public.product_categories VALUES ('a6b026f9-dda1-4bd4-b5a1-f0530909c57a', 'a1111111-1111-4111-8111-111111111111', 'caprin', 'Caprin', 'Boucherie', 30, true, '2026-05-08 20:43:29.342989+04', '2026-05-08 20:43:29.342989+04', NULL);
INSERT INTO public.product_categories VALUES ('881e5fc5-297d-4ac5-9c9d-233eefa7c4b9', 'a1111111-1111-4111-8111-111111111111', 'volaille', 'Volaille', 'Boucherie', 40, true, '2026-05-08 20:43:29.342989+04', '2026-05-08 20:43:29.342989+04', NULL);
INSERT INTO public.product_categories VALUES ('404eeb66-4c33-4554-a2b4-5f44a0e5001f', 'a1111111-1111-4111-8111-111111111111', 'poisson', 'Poisson', 'Boucherie', 50, true, '2026-05-08 20:43:29.342989+04', '2026-05-08 20:43:29.342989+04', NULL);
INSERT INTO public.product_categories VALUES ('1d1c7ef5-3fd7-4c3a-9aef-41b901e8ba2a', 'a1111111-1111-4111-8111-111111111111', 'pack', 'Pack', 'Boucherie', 60, true, '2026-05-08 20:43:29.342989+04', '2026-05-08 20:43:29.342989+04', NULL);
INSERT INTO public.product_categories VALUES ('9cffbf51-bad1-4efb-98ed-0865263ca307', 'a1111111-1111-4111-8111-111111111111', 'autres', 'Autres', 'Autres', 99, true, '2026-05-08 20:43:29.342989+04', '2026-05-08 20:43:29.342989+04', NULL);
INSERT INTO public.product_categories VALUES ('ce56f83b-a9db-4fa2-9c5f-c5d6245d2f4c', '966a57b8-16ba-45c2-962c-1538737cf63b', 'bovin', 'Bovin', 'Boucherie', 10, true, '2026-05-08 21:05:17.982865+04', '2026-05-08 21:05:17.982865+04', NULL);
INSERT INTO public.product_categories VALUES ('b963a5cb-5de3-47f9-bb5d-ea0487663348', '966a57b8-16ba-45c2-962c-1538737cf63b', 'ovin', 'Ovin', 'Boucherie', 20, true, '2026-05-08 21:05:17.984499+04', '2026-05-08 21:05:17.984499+04', NULL);
INSERT INTO public.product_categories VALUES ('94afe505-7dec-488e-8f2c-4695a0521c1f', '966a57b8-16ba-45c2-962c-1538737cf63b', 'caprin', 'Caprin', 'Boucherie', 30, true, '2026-05-08 21:05:17.985226+04', '2026-05-08 21:05:17.985226+04', NULL);
INSERT INTO public.product_categories VALUES ('7858a4f2-5154-4b20-952b-3a6346c75a0c', '966a57b8-16ba-45c2-962c-1538737cf63b', 'volaille', 'Volaille', 'Boucherie', 40, true, '2026-05-08 21:05:17.985845+04', '2026-05-08 21:05:17.985845+04', NULL);
INSERT INTO public.product_categories VALUES ('935ae74d-af33-4cf7-b6ef-519acf48996e', '966a57b8-16ba-45c2-962c-1538737cf63b', 'poisson', 'Poisson', 'Boucherie', 50, true, '2026-05-08 21:05:17.986513+04', '2026-05-08 21:05:17.986513+04', NULL);
INSERT INTO public.product_categories VALUES ('3cf8b546-818c-4907-8a44-59f7023517f3', '966a57b8-16ba-45c2-962c-1538737cf63b', 'pack', 'Pack', 'Boucherie', 60, true, '2026-05-08 21:05:17.987229+04', '2026-05-08 21:05:17.987229+04', NULL);
INSERT INTO public.product_categories VALUES ('3f15b475-0ad0-4016-9c10-b00a0cf88551', '966a57b8-16ba-45c2-962c-1538737cf63b', 'autres', 'Autres', 'Autres', 99, true, '2026-05-08 21:05:17.987924+04', '2026-05-08 21:05:17.987924+04', NULL);
INSERT INTO public.product_categories VALUES ('a988a28f-dbc2-4d7d-9940-13c1a41be87d', 'd90c99b4-f887-452e-b061-917da46c1aa6', 'bovin', 'Bovin', 'Boucherie', 10, true, '2026-05-08 21:05:17.994207+04', '2026-05-08 21:05:17.994207+04', NULL);
INSERT INTO public.product_categories VALUES ('61d9a138-3c1a-4ad3-b155-d87125bdae37', 'd90c99b4-f887-452e-b061-917da46c1aa6', 'ovin', 'Ovin', 'Boucherie', 20, true, '2026-05-08 21:05:17.99909+04', '2026-05-08 21:05:17.99909+04', NULL);
INSERT INTO public.product_categories VALUES ('6c8314a0-0c1f-4fde-8f36-f704757b4a66', 'd90c99b4-f887-452e-b061-917da46c1aa6', 'caprin', 'Caprin', 'Boucherie', 30, true, '2026-05-08 21:05:18.000756+04', '2026-05-08 21:05:18.000756+04', NULL);
INSERT INTO public.product_categories VALUES ('e3f96248-af6c-4cc9-bf77-1b81fe899c7e', 'd90c99b4-f887-452e-b061-917da46c1aa6', 'volaille', 'Volaille', 'Boucherie', 40, true, '2026-05-08 21:05:18.001877+04', '2026-05-08 21:05:18.001877+04', NULL);
INSERT INTO public.product_categories VALUES ('2d90e73b-dbdb-4a81-bd7a-43daac7c3b48', 'd90c99b4-f887-452e-b061-917da46c1aa6', 'poisson', 'Poisson', 'Boucherie', 50, true, '2026-05-08 21:05:18.002685+04', '2026-05-08 21:05:18.002685+04', NULL);
INSERT INTO public.product_categories VALUES ('4fb2f70e-dd13-4882-a8b1-d0909d1fbb15', 'd90c99b4-f887-452e-b061-917da46c1aa6', 'pack', 'Pack', 'Boucherie', 60, true, '2026-05-08 21:05:18.004025+04', '2026-05-08 21:05:18.004025+04', NULL);
INSERT INTO public.product_categories VALUES ('1b477199-3a0f-4733-950f-643122e7d406', 'd90c99b4-f887-452e-b061-917da46c1aa6', 'autres', 'Autres', 'Autres', 99, true, '2026-05-08 21:05:18.006322+04', '2026-05-08 21:05:18.006322+04', NULL);
INSERT INTO public.product_categories VALUES ('f7e1d19c-62b6-4f96-a0a5-3c008a406b48', 'e7c38f54-4c01-456b-b822-e5484ed70f48', 'bovin', 'Bovin', 'Boucherie', 10, true, '2026-05-08 21:05:18.238577+04', '2026-05-08 21:05:18.238577+04', NULL);
INSERT INTO public.product_categories VALUES ('8f1f37aa-c863-4be2-80c2-a24588030b48', 'e7c38f54-4c01-456b-b822-e5484ed70f48', 'ovin', 'Ovin', 'Boucherie', 20, true, '2026-05-08 21:05:18.239096+04', '2026-05-08 21:05:18.239096+04', NULL);
INSERT INTO public.product_categories VALUES ('43e4674a-3106-419e-b5a8-802e2f4e2be1', 'e7c38f54-4c01-456b-b822-e5484ed70f48', 'caprin', 'Caprin', 'Boucherie', 30, true, '2026-05-08 21:05:18.239533+04', '2026-05-08 21:05:18.239533+04', NULL);
INSERT INTO public.product_categories VALUES ('f0be9fd0-5907-4dbc-b5cd-789a886e1989', 'e7c38f54-4c01-456b-b822-e5484ed70f48', 'volaille', 'Volaille', 'Boucherie', 40, true, '2026-05-08 21:05:18.23995+04', '2026-05-08 21:05:18.23995+04', NULL);
INSERT INTO public.product_categories VALUES ('cf733bde-3b91-4ac9-83b5-77692992c7ef', 'e7c38f54-4c01-456b-b822-e5484ed70f48', 'poisson', 'Poisson', 'Boucherie', 50, true, '2026-05-08 21:05:18.240362+04', '2026-05-08 21:05:18.240362+04', NULL);
INSERT INTO public.product_categories VALUES ('c204f86b-6c81-4bd1-9715-a953b76e972a', 'e7c38f54-4c01-456b-b822-e5484ed70f48', 'pack', 'Pack', 'Boucherie', 60, true, '2026-05-08 21:05:18.24077+04', '2026-05-08 21:05:18.24077+04', NULL);
INSERT INTO public.product_categories VALUES ('72d14212-7b68-4b50-adcc-7f5426c19fc2', 'e7c38f54-4c01-456b-b822-e5484ed70f48', 'autres', 'Autres', 'Autres', 99, true, '2026-05-08 21:05:18.24118+04', '2026-05-08 21:05:18.24118+04', NULL);


--
-- Data for Name: products; Type: TABLE DATA; Schema: public; Owner: matix_admin
--

INSERT INTO public.products VALUES ('d6cd1867-219c-4417-ae49-5422fb63ff5f', 'e7c38f54-4c01-456b-b822-e5484ed70f48', 'MAAS-1', 'Boeuf en détail', 3700.00, '2026-05-08 17:22:17.09252+04', '2026-05-08 17:22:17.09252+04', NULL, 'f7e1d19c-62b6-4f96-a0a5-3c008a406b48');
INSERT INTO public.products VALUES ('9644b41c-7120-42a2-b6c6-e4d7f9f4d0da', 'e7c38f54-4c01-456b-b822-e5484ed70f48', 'MAAS-2', 'Boeuf en gros', 3500.00, '2026-05-08 17:22:17.104368+04', '2026-05-08 17:22:17.104368+04', NULL, 'f7e1d19c-62b6-4f96-a0a5-3c008a406b48');
INSERT INTO public.products VALUES ('622a0876-88b2-45c5-9958-67ba5cf6f6e8', 'e7c38f54-4c01-456b-b822-e5484ed70f48', 'MAAS-3', 'Dechet', 1000.00, '2026-05-08 17:22:17.105757+04', '2026-05-08 17:22:17.105757+04', NULL, 'f7e1d19c-62b6-4f96-a0a5-3c008a406b48');
INSERT INTO public.products VALUES ('4be84594-31e2-4a00-9ef3-fbbe3dc5c274', 'e7c38f54-4c01-456b-b822-e5484ed70f48', 'MAAS-4', 'Foie', 3000.00, '2026-05-08 17:22:17.106765+04', '2026-05-08 17:22:17.106765+04', NULL, '72d14212-7b68-4b50-adcc-7f5426c19fc2');
INSERT INTO public.products VALUES ('ce44e413-6c41-4498-8cf4-fff42f292022', 'e7c38f54-4c01-456b-b822-e5484ed70f48', 'MAAS-6', 'Jarret', 250.00, '2026-05-08 17:22:17.10831+04', '2026-05-08 17:22:17.10831+04', NULL, 'f7e1d19c-62b6-4f96-a0a5-3c008a406b48');
INSERT INTO public.products VALUES ('c265a02d-483f-4869-b0cd-2c6c396a2ce1', 'e7c38f54-4c01-456b-b822-e5484ed70f48', 'MAAS-7', 'Abats', 1000.00, '2026-05-08 17:22:17.109242+04', '2026-05-08 17:22:17.109242+04', NULL, 'f7e1d19c-62b6-4f96-a0a5-3c008a406b48');
INSERT INTO public.products VALUES ('f75335f2-0037-4765-a92b-0fe416b3884d', 'e7c38f54-4c01-456b-b822-e5484ed70f48', 'MAAS-9', 'Filet', 5000.00, '2026-05-08 17:22:17.110142+04', '2026-05-08 17:22:17.110142+04', NULL, '72d14212-7b68-4b50-adcc-7f5426c19fc2');
INSERT INTO public.products VALUES ('025e03e4-a83b-4d6c-ab2d-d3b5d0467df5', 'e7c38f54-4c01-456b-b822-e5484ed70f48', 'MAAS-10', 'Sans Os', 4500.00, '2026-05-08 17:22:17.110944+04', '2026-05-08 17:22:17.110944+04', NULL, 'f7e1d19c-62b6-4f96-a0a5-3c008a406b48');
INSERT INTO public.products VALUES ('7f154865-7ed7-4e2e-93a0-1480164eec18', 'e7c38f54-4c01-456b-b822-e5484ed70f48', 'MAAS-12', 'Veau en gros', 3700.00, '2026-05-08 17:22:17.112135+04', '2026-05-08 17:22:17.112135+04', NULL, 'f7e1d19c-62b6-4f96-a0a5-3c008a406b48');
INSERT INTO public.products VALUES ('26e2a89f-49c6-4318-89f6-4354476413e1', 'e7c38f54-4c01-456b-b822-e5484ed70f48', 'MAAS-13', 'Veau sur pied', 0.00, '2026-05-08 17:22:17.112681+04', '2026-05-08 17:22:17.112681+04', NULL, 'f7e1d19c-62b6-4f96-a0a5-3c008a406b48');
INSERT INTO public.products VALUES ('f8bd5c68-176b-4917-93bd-6f73b78672bf', 'e7c38f54-4c01-456b-b822-e5484ed70f48', 'MAAS-14', 'Merguez', 4500.00, '2026-05-08 17:22:17.113271+04', '2026-05-08 17:22:17.113271+04', NULL, 'f7e1d19c-62b6-4f96-a0a5-3c008a406b48');
INSERT INTO public.products VALUES ('18c4110f-a5bc-4708-94e8-3bed004eb0db', 'e7c38f54-4c01-456b-b822-e5484ed70f48', 'MAAS-19', 'Peaux', 6000.00, '2026-05-08 17:22:17.114429+04', '2026-05-08 17:22:17.114429+04', NULL, 'f7e1d19c-62b6-4f96-a0a5-3c008a406b48');
INSERT INTO public.products VALUES ('fe5ac90e-1eee-43ae-8a83-2c34741f1b37', 'e7c38f54-4c01-456b-b822-e5484ed70f48', 'MAAS-20', 'Agneau', 4500.00, '2026-05-08 17:22:17.114956+04', '2026-05-08 17:22:17.114956+04', NULL, '8f1f37aa-c863-4be2-80c2-a24588030b48');
INSERT INTO public.products VALUES ('49bbf135-6739-4d7b-b0e6-a85f2c01e6a0', 'e7c38f54-4c01-456b-b822-e5484ed70f48', 'MAAS-21', 'Tete Agneau', 1000.00, '2026-05-08 17:22:17.115466+04', '2026-05-08 17:22:17.115466+04', NULL, '8f1f37aa-c863-4be2-80c2-a24588030b48');
INSERT INTO public.products VALUES ('55ad8aa7-5edd-4eb6-b4f2-0c01fe3124aa', 'e7c38f54-4c01-456b-b822-e5484ed70f48', 'MAAS-22', 'Mouton sur pied', 0.00, '2026-05-08 17:22:17.115956+04', '2026-05-08 17:22:17.115956+04', NULL, '8f1f37aa-c863-4be2-80c2-a24588030b48');
INSERT INTO public.products VALUES ('9dbd6371-49ed-481e-9e96-330e1ef84e89', 'e7c38f54-4c01-456b-b822-e5484ed70f48', 'MAAS-24', 'Poulet en gros', 3000.00, '2026-05-08 17:22:17.117009+04', '2026-05-08 17:22:17.117009+04', NULL, 'f0be9fd0-5907-4dbc-b5cd-789a886e1989');
INSERT INTO public.products VALUES ('aa4d613d-8605-40ad-80f6-7af064d322d4', 'e7c38f54-4c01-456b-b822-e5484ed70f48', 'MAAS-25', 'Oeuf', 2800.00, '2026-05-08 17:22:17.117493+04', '2026-05-08 17:22:17.117493+04', NULL, 'f0be9fd0-5907-4dbc-b5cd-789a886e1989');
INSERT INTO public.products VALUES ('c95181a8-72e5-4fcc-b908-92b5450f88ac', 'e7c38f54-4c01-456b-b822-e5484ed70f48', 'MAAS-26', 'Pack Pigeon', 2500.00, '2026-05-08 17:22:17.118043+04', '2026-05-08 17:22:17.118043+04', NULL, 'c204f86b-6c81-4bd1-9715-a953b76e972a');
INSERT INTO public.products VALUES ('a33a0e81-47cf-499a-9373-d178b4eef378', 'e7c38f54-4c01-456b-b822-e5484ed70f48', 'MAAS-27', 'Pilon', 3500.00, '2026-05-08 17:22:17.118528+04', '2026-05-08 17:22:17.118528+04', NULL, 'f0be9fd0-5907-4dbc-b5cd-789a886e1989');
INSERT INTO public.products VALUES ('b7c0fb21-e27b-4a42-82d3-5ba46b1ee30f', 'e7c38f54-4c01-456b-b822-e5484ed70f48', 'MAAS-29', 'Pack25000', 25000.00, '2026-05-08 17:22:17.119523+04', '2026-05-08 17:22:17.119523+04', NULL, 'c204f86b-6c81-4bd1-9715-a953b76e972a');
INSERT INTO public.products VALUES ('f9fa897f-be36-4184-b15b-1d6c5d446775', 'e7c38f54-4c01-456b-b822-e5484ed70f48', 'MAAS-30', 'Pack30000', 30000.00, '2026-05-08 17:22:17.119985+04', '2026-05-08 17:22:17.119985+04', NULL, 'c204f86b-6c81-4bd1-9715-a953b76e972a');
INSERT INTO public.products VALUES ('b6380169-3305-4c64-a251-a69a2139a5e1', 'e7c38f54-4c01-456b-b822-e5484ed70f48', 'MAAS-31', 'Pack35000', 35000.00, '2026-05-08 17:22:17.120439+04', '2026-05-08 17:22:17.120439+04', NULL, 'c204f86b-6c81-4bd1-9715-a953b76e972a');
INSERT INTO public.products VALUES ('26a8ce90-9fc6-41cf-b993-8541720386cb', 'e7c38f54-4c01-456b-b822-e5484ed70f48', 'MAAS-33', 'Pack75000', 75000.00, '2026-05-08 17:22:17.121426+04', '2026-05-08 17:22:17.121426+04', NULL, 'c204f86b-6c81-4bd1-9715-a953b76e972a');
INSERT INTO public.products VALUES ('ab542724-f549-4b0e-aeca-dd56cbd6afb5', 'e7c38f54-4c01-456b-b822-e5484ed70f48', 'MAAS-34', 'Pack100000', 100000.00, '2026-05-08 17:22:17.12206+04', '2026-05-08 17:22:17.12206+04', NULL, 'c204f86b-6c81-4bd1-9715-a953b76e972a');
INSERT INTO public.products VALUES ('bd3e5aa1-430b-466f-a20c-93de9e64abf3', 'e7c38f54-4c01-456b-b822-e5484ed70f48', 'MAAS-35', 'Pack20000', 20000.00, '2026-05-08 17:22:17.122566+04', '2026-05-08 17:22:17.122566+04', NULL, 'c204f86b-6c81-4bd1-9715-a953b76e972a');
INSERT INTO public.products VALUES ('67dae39f-2d58-46fa-828c-e59083e065c8', 'e7c38f54-4c01-456b-b822-e5484ed70f48', 'MAAS-36', 'Chevre sur pied', 4000.00, '2026-05-08 17:22:17.123054+04', '2026-05-08 17:22:17.123054+04', NULL, '43e4674a-3106-419e-b5a8-802e2f4e2be1');
INSERT INTO public.products VALUES ('7d365a7e-a6d5-4c95-824f-fc724b5050a3', 'e7c38f54-4c01-456b-b822-e5484ed70f48', 'MAAS-38', 'Autre viande', 3000.00, '2026-05-08 17:22:17.124082+04', '2026-05-08 17:22:17.124082+04', NULL, '72d14212-7b68-4b50-adcc-7f5426c19fc2');
INSERT INTO public.products VALUES ('9124ba38-f50f-444e-8429-8d808ab48649', 'e7c38f54-4c01-456b-b822-e5484ed70f48', 'MAAS-39', 'Service', 1000.00, '2026-05-08 17:22:17.124596+04', '2026-05-08 17:22:17.124596+04', NULL, '72d14212-7b68-4b50-adcc-7f5426c19fc2');
INSERT INTO public.products VALUES ('6339c8ca-9b29-4e6d-8087-f0d404ad9e33', 'e7c38f54-4c01-456b-b822-e5484ed70f48', 'MAAS-40', 'Boeuf en détail', 3600.00, '2026-05-08 17:22:17.125099+04', '2026-05-08 17:22:17.125099+04', NULL, 'f7e1d19c-62b6-4f96-a0a5-3c008a406b48');
INSERT INTO public.products VALUES ('ce52b357-c1bf-4f56-8179-51830a4fd344', 'e7c38f54-4c01-456b-b822-e5484ed70f48', 'MAAS-42', 'Dechet', 1000.00, '2026-05-08 17:22:17.126431+04', '2026-05-08 17:22:17.126431+04', NULL, 'f7e1d19c-62b6-4f96-a0a5-3c008a406b48');
INSERT INTO public.products VALUES ('48964680-e01b-4bdd-87f9-76bfd21530c7', 'e7c38f54-4c01-456b-b822-e5484ed70f48', 'MAAS-43', 'Foie', 2900.00, '2026-05-08 17:22:17.127146+04', '2026-05-08 17:22:17.127146+04', NULL, '72d14212-7b68-4b50-adcc-7f5426c19fc2');
INSERT INTO public.products VALUES ('831ef40e-5eb2-4435-85d7-007c1427ee2d', 'e7c38f54-4c01-456b-b822-e5484ed70f48', 'MAAS-44', 'Yell', 1900.00, '2026-05-08 17:22:17.128222+04', '2026-05-08 17:22:17.128222+04', NULL, '72d14212-7b68-4b50-adcc-7f5426c19fc2');
INSERT INTO public.products VALUES ('738a5ff4-9e45-41c3-b27e-aa6ba547c315', 'e7c38f54-4c01-456b-b822-e5484ed70f48', 'MAAS-45', 'Jarret', 250.00, '2026-05-08 17:22:17.128849+04', '2026-05-08 17:22:17.128849+04', NULL, 'f7e1d19c-62b6-4f96-a0a5-3c008a406b48');
INSERT INTO public.products VALUES ('5bdf7bee-1670-4508-8654-1b3a5e12bcd8', 'e7c38f54-4c01-456b-b822-e5484ed70f48', 'MAAS-47', 'Faux Filet', 3400.00, '2026-05-08 17:22:17.129939+04', '2026-05-08 17:22:17.129939+04', NULL, 'f7e1d19c-62b6-4f96-a0a5-3c008a406b48');
INSERT INTO public.products VALUES ('2ebb645a-d3dd-4016-bb2c-dec1f7327dad', 'e7c38f54-4c01-456b-b822-e5484ed70f48', 'MAAS-48', 'Filet', 4900.00, '2026-05-08 17:22:17.130459+04', '2026-05-08 17:22:17.130459+04', NULL, '72d14212-7b68-4b50-adcc-7f5426c19fc2');
INSERT INTO public.products VALUES ('2ae891e5-68e9-4343-998c-7b317dda3e91', 'e7c38f54-4c01-456b-b822-e5484ed70f48', 'MAAS-49', 'Sans Os', 4400.00, '2026-05-08 17:22:17.13099+04', '2026-05-08 17:22:17.13099+04', NULL, 'f7e1d19c-62b6-4f96-a0a5-3c008a406b48');
INSERT INTO public.products VALUES ('fb8be5b8-ffa0-4929-aa11-af6928f3e380', 'e7c38f54-4c01-456b-b822-e5484ed70f48', 'MAAS-51', 'Veau en gros', 3600.00, '2026-05-08 17:22:17.132295+04', '2026-05-08 17:22:17.132295+04', NULL, 'f7e1d19c-62b6-4f96-a0a5-3c008a406b48');
INSERT INTO public.products VALUES ('b2605eec-7f74-463f-bcd4-380124167a2c', 'e7c38f54-4c01-456b-b822-e5484ed70f48', 'MAAS-52', 'Veau sur pied', 0.00, '2026-05-08 17:22:17.132843+04', '2026-05-08 17:22:17.132843+04', NULL, 'f7e1d19c-62b6-4f96-a0a5-3c008a406b48');
INSERT INTO public.products VALUES ('d4ceecdb-8fc3-4fca-ad7e-aaf7519d6317', 'e7c38f54-4c01-456b-b822-e5484ed70f48', 'MAAS-53', 'Merguez', 4400.00, '2026-05-08 17:22:17.13334+04', '2026-05-08 17:22:17.13334+04', NULL, 'f7e1d19c-62b6-4f96-a0a5-3c008a406b48');
INSERT INTO public.products VALUES ('9a6dc7c8-9e6d-417e-a036-139b63b9d427', 'e7c38f54-4c01-456b-b822-e5484ed70f48', 'MAAS-54', 'Boeuf sur pied', 0.00, '2026-05-08 17:22:17.133836+04', '2026-05-08 17:22:17.133836+04', NULL, 'f7e1d19c-62b6-4f96-a0a5-3c008a406b48');
INSERT INTO public.products VALUES ('55253b2b-fada-4d4a-ace9-911034aae2ae', 'e7c38f54-4c01-456b-b822-e5484ed70f48', 'MAAS-56', 'Coeur', 1950.00, '2026-05-08 17:22:17.134848+04', '2026-05-08 17:22:17.134848+04', NULL, 'f7e1d19c-62b6-4f96-a0a5-3c008a406b48');
INSERT INTO public.products VALUES ('903a5874-4565-41bf-b041-cba2f2117d6b', 'e7c38f54-4c01-456b-b822-e5484ed70f48', 'MAAS-57', 'Viande hachée', 4900.00, '2026-05-08 17:22:17.135344+04', '2026-05-08 17:22:17.135344+04', NULL, 'f7e1d19c-62b6-4f96-a0a5-3c008a406b48');
INSERT INTO public.products VALUES ('7f91893d-3f56-4313-991f-876a7c10eb4c', 'e7c38f54-4c01-456b-b822-e5484ed70f48', 'MAAS-58', 'Peaux', 5900.00, '2026-05-08 17:22:17.135829+04', '2026-05-08 17:22:17.135829+04', NULL, 'f7e1d19c-62b6-4f96-a0a5-3c008a406b48');
INSERT INTO public.products VALUES ('15c135fa-4e9a-4feb-a3b8-95cc1bed7800', 'e7c38f54-4c01-456b-b822-e5484ed70f48', 'MAAS-59', 'Agneau', 4400.00, '2026-05-08 17:22:17.136329+04', '2026-05-08 17:22:17.136329+04', NULL, '8f1f37aa-c863-4be2-80c2-a24588030b48');
INSERT INTO public.products VALUES ('1282d251-d805-4f14-801c-5962bee403c2', 'e7c38f54-4c01-456b-b822-e5484ed70f48', 'MAAS-61', 'Mouton sur pied', 0.00, '2026-05-08 17:22:17.137465+04', '2026-05-08 17:22:17.137465+04', NULL, '8f1f37aa-c863-4be2-80c2-a24588030b48');
INSERT INTO public.products VALUES ('1d94270c-66f4-481b-a95a-dc804db011fa', 'e7c38f54-4c01-456b-b822-e5484ed70f48', 'MAAS-62', 'Poulet en détail', 3300.00, '2026-05-08 17:22:17.138104+04', '2026-05-08 17:22:17.138104+04', NULL, 'f0be9fd0-5907-4dbc-b5cd-789a886e1989');
INSERT INTO public.products VALUES ('214fffe7-9446-4127-9a8e-a807179ddf2e', 'e7c38f54-4c01-456b-b822-e5484ed70f48', 'MAAS-63', 'Poulet en gros', 2800.00, '2026-05-08 17:22:17.13872+04', '2026-05-08 17:22:17.13872+04', NULL, 'f0be9fd0-5907-4dbc-b5cd-789a886e1989');
INSERT INTO public.products VALUES ('9bf6cdeb-96f6-45fd-b391-1dd738936f57', 'e7c38f54-4c01-456b-b822-e5484ed70f48', 'MAAS-64', 'Oeuf', 2700.00, '2026-05-08 17:22:17.139357+04', '2026-05-08 17:22:17.139357+04', NULL, 'f0be9fd0-5907-4dbc-b5cd-789a886e1989');
INSERT INTO public.products VALUES ('5a96d9d1-3b4d-476c-b152-310ce790196d', 'e7c38f54-4c01-456b-b822-e5484ed70f48', 'MAAS-66', 'Pilon', 3400.00, '2026-05-08 17:22:17.140565+04', '2026-05-08 17:22:17.140565+04', NULL, 'f0be9fd0-5907-4dbc-b5cd-789a886e1989');
INSERT INTO public.products VALUES ('c9112ed2-c36a-42ea-b114-fa48ba813dc5', 'e7c38f54-4c01-456b-b822-e5484ed70f48', 'MAAS-67', 'Merguez poulet', 5400.00, '2026-05-08 17:22:17.141115+04', '2026-05-08 17:22:17.141115+04', NULL, 'f7e1d19c-62b6-4f96-a0a5-3c008a406b48');
INSERT INTO public.products VALUES ('c3d64d49-5193-4378-a7a4-707165655f30', 'e7c38f54-4c01-456b-b822-e5484ed70f48', 'MAAS-68', 'Pack25000', 24500.00, '2026-05-08 17:22:17.141652+04', '2026-05-08 17:22:17.141652+04', NULL, 'c204f86b-6c81-4bd1-9715-a953b76e972a');
INSERT INTO public.products VALUES ('e1d3adc8-00fc-4c43-9c08-b11d26267cf6', 'e7c38f54-4c01-456b-b822-e5484ed70f48', 'MAAS-70', 'Pack35000', 34500.00, '2026-05-08 17:22:17.143082+04', '2026-05-08 17:22:17.143082+04', NULL, 'c204f86b-6c81-4bd1-9715-a953b76e972a');
INSERT INTO public.products VALUES ('eb0fadb9-e57f-485e-84bb-d73de9a80163', 'e7c38f54-4c01-456b-b822-e5484ed70f48', 'MAAS-71', 'Pack50000', 49000.00, '2026-05-08 17:22:17.143678+04', '2026-05-08 17:22:17.143678+04', NULL, 'c204f86b-6c81-4bd1-9715-a953b76e972a');
INSERT INTO public.products VALUES ('ece1875a-f81b-44f0-8d6e-7ed4df8eae56', 'e7c38f54-4c01-456b-b822-e5484ed70f48', 'MAAS-72', 'Pack75000', 73500.00, '2026-05-08 17:22:17.144285+04', '2026-05-08 17:22:17.144285+04', NULL, 'c204f86b-6c81-4bd1-9715-a953b76e972a');
INSERT INTO public.products VALUES ('e97f5876-c4f6-4eba-94ea-bcd2201b255d', 'e7c38f54-4c01-456b-b822-e5484ed70f48', 'MAAS-73', 'Pack100000', 98000.00, '2026-05-08 17:22:17.144853+04', '2026-05-08 17:22:17.144853+04', NULL, 'c204f86b-6c81-4bd1-9715-a953b76e972a');
INSERT INTO public.products VALUES ('42e18564-26ae-44f5-a4e7-6d3608d5743d', 'e7c38f54-4c01-456b-b822-e5484ed70f48', 'MAAS-75', 'Chevre sur pied', 3900.00, '2026-05-08 17:22:17.145879+04', '2026-05-08 17:22:17.145879+04', NULL, '43e4674a-3106-419e-b5a8-802e2f4e2be1');
INSERT INTO public.products VALUES ('9d1f1bc6-7464-4a93-b711-6c8921aa8e32', 'e7c38f54-4c01-456b-b822-e5484ed70f48', 'MAAS-76', 'Produit divers', 0.00, '2026-05-08 17:22:17.146554+04', '2026-05-08 17:22:17.146554+04', NULL, '72d14212-7b68-4b50-adcc-7f5426c19fc2');
INSERT INTO public.products VALUES ('8ee1e5ac-7e57-487a-8355-b4f7c8c832c8', 'e7c38f54-4c01-456b-b822-e5484ed70f48', 'MAAS-77', 'Autre viande', 2900.00, '2026-05-08 17:22:17.147105+04', '2026-05-08 17:22:17.147105+04', NULL, '72d14212-7b68-4b50-adcc-7f5426c19fc2');
INSERT INTO public.products VALUES ('3d964e01-f99e-4414-b4c0-a16bb1ec3dc5', 'e7c38f54-4c01-456b-b822-e5484ed70f48', 'MAAS-78', 'Service', 1000.00, '2026-05-08 17:22:17.147652+04', '2026-05-08 17:22:17.147652+04', NULL, '72d14212-7b68-4b50-adcc-7f5426c19fc2');
INSERT INTO public.products VALUES ('5ab7556c-1781-4458-b7a8-0b02e12a57d8', 'e7c38f54-4c01-456b-b822-e5484ed70f48', 'MAAS-80', 'Veau', 3900.00, '2026-05-08 17:22:17.14886+04', '2026-05-08 17:22:17.14886+04', NULL, 'f7e1d19c-62b6-4f96-a0a5-3c008a406b48');
INSERT INTO public.products VALUES ('16e57b64-fa52-4c31-8ae3-a77987e0e472', 'e7c38f54-4c01-456b-b822-e5484ed70f48', 'MAAS-82', 'Tete De Mouton', 1000.00, '2026-05-08 17:22:17.150074+04', '2026-05-08 17:22:17.150074+04', NULL, '8f1f37aa-c863-4be2-80c2-a24588030b48');
INSERT INTO public.products VALUES ('979f3a09-a129-41b4-93c2-288f97ee2ae2', 'e7c38f54-4c01-456b-b822-e5484ed70f48', 'MAAS-83', 'Tablette', 2800.00, '2026-05-08 17:22:17.150566+04', '2026-05-08 17:22:17.150566+04', NULL, '72d14212-7b68-4b50-adcc-7f5426c19fc2');
INSERT INTO public.products VALUES ('cf59dcdc-226f-49e9-a8a4-c9e7e893a9c7', 'e7c38f54-4c01-456b-b822-e5484ed70f48', 'MAAS-84', 'Foie', 3000.00, '2026-05-08 17:22:17.151026+04', '2026-05-08 17:22:17.151026+04', NULL, '72d14212-7b68-4b50-adcc-7f5426c19fc2');
INSERT INTO public.products VALUES ('e078de5f-1f3e-4c52-9915-1acfb6186451', 'e7c38f54-4c01-456b-b822-e5484ed70f48', 'MAAS-86', 'Agneau', 4500.00, '2026-05-08 17:22:17.151915+04', '2026-05-08 17:22:17.151915+04', NULL, '8f1f37aa-c863-4be2-80c2-a24588030b48');
INSERT INTO public.products VALUES ('e02ecdd6-96d2-4ec1-b1f0-4acd54ef97bc', 'e7c38f54-4c01-456b-b822-e5484ed70f48', 'MAAS-87', 'Déchet 400', 400.00, '2026-05-08 17:22:17.152386+04', '2026-05-08 17:22:17.152386+04', NULL, 'f7e1d19c-62b6-4f96-a0a5-3c008a406b48');
INSERT INTO public.products VALUES ('12599663-53e7-4fba-b831-fd31ad1f05b7', 'e7c38f54-4c01-456b-b822-e5484ed70f48', 'MAAS-88', 'Autres', 1.00, '2026-05-08 17:22:17.152823+04', '2026-05-08 17:22:17.152823+04', NULL, '72d14212-7b68-4b50-adcc-7f5426c19fc2');
INSERT INTO public.products VALUES ('dc55ea12-26bd-423d-9c74-1fb9b8a8369d', 'e7c38f54-4c01-456b-b822-e5484ed70f48', 'MAAS-90', 'Déchet 2000', 2000.00, '2026-05-08 17:22:17.15381+04', '2026-05-08 17:22:17.15381+04', NULL, 'f7e1d19c-62b6-4f96-a0a5-3c008a406b48');
INSERT INTO public.products VALUES ('50c6a0d2-f7bd-418c-a2cb-506143e52784', 'e7c38f54-4c01-456b-b822-e5484ed70f48', 'MAAS-91', 'Abats', 1000.00, '2026-05-08 17:22:17.154297+04', '2026-05-08 17:22:17.154297+04', NULL, 'f7e1d19c-62b6-4f96-a0a5-3c008a406b48');
INSERT INTO public.products VALUES ('1b2a99d7-fa4d-4e4a-9e20-e5a9bf1b599b', 'e7c38f54-4c01-456b-b822-e5484ed70f48', 'MAAS-92', 'Boeuf sur pieds', 0.00, '2026-05-08 17:22:17.154803+04', '2026-05-08 17:22:17.154803+04', NULL, 'f7e1d19c-62b6-4f96-a0a5-3c008a406b48');
INSERT INTO public.products VALUES ('c44ad502-e06a-4116-b142-c40aedbad6f3', 'e7c38f54-4c01-456b-b822-e5484ed70f48', 'MAAS-95', 'Chevre sur pieds', 0.00, '2026-05-08 17:22:17.155864+04', '2026-05-08 17:22:17.155864+04', NULL, '43e4674a-3106-419e-b5a8-802e2f4e2be1');
INSERT INTO public.products VALUES ('fde49f21-a308-42bf-82c9-53fefc98c57a', 'e7c38f54-4c01-456b-b822-e5484ed70f48', 'MAAS-96', 'Faux filet', 5000.00, '2026-05-08 17:22:17.15638+04', '2026-05-08 17:22:17.15638+04', NULL, 'f7e1d19c-62b6-4f96-a0a5-3c008a406b48');
INSERT INTO public.products VALUES ('f0319997-6373-4051-8909-c364138afaba', 'e7c38f54-4c01-456b-b822-e5484ed70f48', 'MAAS-98', 'Dorade', 5000.00, '2026-05-08 17:22:17.156869+04', '2026-05-08 17:22:17.156869+04', NULL, '72d14212-7b68-4b50-adcc-7f5426c19fc2');
INSERT INTO public.products VALUES ('7133aecc-1873-4b45-84b0-9221dae24f55', 'e7c38f54-4c01-456b-b822-e5484ed70f48', 'MAAS-99', 'TEST', 0.00, '2026-05-08 17:22:17.157362+04', '2026-05-08 17:22:17.157362+04', NULL, '72d14212-7b68-4b50-adcc-7f5426c19fc2');
INSERT INTO public.products VALUES ('71aefba3-5ff5-408c-b254-c8a9a99e97d7', 'e7c38f54-4c01-456b-b822-e5484ed70f48', 'MAAS-102', 'Petit pois', 1000.00, '2026-05-08 17:22:17.158635+04', '2026-05-08 17:22:17.158635+04', NULL, '72d14212-7b68-4b50-adcc-7f5426c19fc2');
INSERT INTO public.products VALUES ('6c45e2bb-e527-4a83-a584-04767b13322a', 'e7c38f54-4c01-456b-b822-e5484ed70f48', 'MAAS-217', 'Viande Hachée', 5000.00, '2026-05-08 17:22:17.159255+04', '2026-05-08 17:22:17.159255+04', NULL, 'f7e1d19c-62b6-4f96-a0a5-3c008a406b48');
INSERT INTO public.products VALUES ('1adef4fa-f63e-434d-9771-95e0c111fa4c', 'e7c38f54-4c01-456b-b822-e5484ed70f48', 'MAAS-219', 'Ail', 1750.00, '2026-05-08 17:22:17.159937+04', '2026-05-08 17:22:17.159937+04', NULL, '72d14212-7b68-4b50-adcc-7f5426c19fc2');
INSERT INTO public.products VALUES ('f5f30b34-debc-4170-a32d-2b67acb83f8d', 'e7c38f54-4c01-456b-b822-e5484ed70f48', 'MAAS-220', 'ALWAYS', 950.00, '2026-05-08 17:22:17.160502+04', '2026-05-08 17:22:17.160502+04', NULL, '72d14212-7b68-4b50-adcc-7f5426c19fc2');
INSERT INTO public.products VALUES ('61b87e9f-f9c2-461f-84de-59d4c0fca3a8', 'e7c38f54-4c01-456b-b822-e5484ed70f48', 'MAAS-222', 'AROME MAGGI PM', 800.00, '2026-05-08 17:22:17.161463+04', '2026-05-08 17:22:17.161463+04', NULL, '72d14212-7b68-4b50-adcc-7f5426c19fc2');
INSERT INTO public.products VALUES ('a882c6d6-7aea-4d14-a88a-6de70166a811', 'e7c38f54-4c01-456b-b822-e5484ed70f48', 'MAAS-223', 'BRIDEL 50 Cl', 1000.00, '2026-05-08 17:22:17.161928+04', '2026-05-08 17:22:17.161928+04', NULL, '72d14212-7b68-4b50-adcc-7f5426c19fc2');
INSERT INTO public.products VALUES ('20060d79-918a-4fae-a8f0-6beb60d035f3', 'e7c38f54-4c01-456b-b822-e5484ed70f48', 'MAAS-224', 'Choco pain 1kg', 2300.00, '2026-05-08 17:22:17.162388+04', '2026-05-08 17:22:17.162388+04', NULL, '72d14212-7b68-4b50-adcc-7f5426c19fc2');
INSERT INTO public.products VALUES ('323c530c-8a28-444a-8e3c-276bcea48a8f', 'e7c38f54-4c01-456b-b822-e5484ed70f48', 'MAAS-225', 'Choco pain 500g', 1275.00, '2026-05-08 17:22:17.162857+04', '2026-05-08 17:22:17.162857+04', NULL, '72d14212-7b68-4b50-adcc-7f5426c19fc2');
INSERT INTO public.products VALUES ('903abd3b-2db0-4f1c-bf1f-b054011f3b6f', 'e7c38f54-4c01-456b-b822-e5484ed70f48', 'MAAS-227', 'CORNE BOEUF GM', 650.00, '2026-05-08 17:22:17.163935+04', '2026-05-08 17:22:17.163935+04', NULL, 'f7e1d19c-62b6-4f96-a0a5-3c008a406b48');
INSERT INTO public.products VALUES ('922c2eed-ec81-4871-b894-0db3f9c58449', 'e7c38f54-4c01-456b-b822-e5484ed70f48', 'MAAS-228', 'Cornichon verre 370G', 850.00, '2026-05-08 17:22:17.16442+04', '2026-05-08 17:22:17.16442+04', NULL, '72d14212-7b68-4b50-adcc-7f5426c19fc2');
INSERT INTO public.products VALUES ('8cce6b6c-4706-479c-8da2-4d98d9ca3de0', 'e7c38f54-4c01-456b-b822-e5484ed70f48', 'MAAS-229', 'COUCOUS KAYNA 1KG', 1250.00, '2026-05-08 17:22:17.164888+04', '2026-05-08 17:22:17.164888+04', NULL, '72d14212-7b68-4b50-adcc-7f5426c19fc2');
INSERT INTO public.products VALUES ('dc1e6ee2-eb32-4d7b-8394-227881dd5b18', 'e7c38f54-4c01-456b-b822-e5484ed70f48', 'MAAS-231', 'DATTE 250g', 500.00, '2026-05-08 17:22:17.165887+04', '2026-05-08 17:22:17.165887+04', NULL, '72d14212-7b68-4b50-adcc-7f5426c19fc2');
INSERT INTO public.products VALUES ('43cce9b9-75e8-4cd3-ab37-bf0b83182ee0', 'e7c38f54-4c01-456b-b822-e5484ed70f48', 'MAAS-232', 'DATTE 500g', 950.00, '2026-05-08 17:22:17.166564+04', '2026-05-08 17:22:17.166564+04', NULL, '72d14212-7b68-4b50-adcc-7f5426c19fc2');
INSERT INTO public.products VALUES ('8bb9c4bf-0b87-4103-a6b8-9cf93713514f', 'e7c38f54-4c01-456b-b822-e5484ed70f48', 'MAAS-233', 'FLEUR D''ORANDE', 200.00, '2026-05-08 17:22:17.167252+04', '2026-05-08 17:22:17.167252+04', NULL, '72d14212-7b68-4b50-adcc-7f5426c19fc2');
INSERT INTO public.products VALUES ('0dec8eea-3d8e-4fdd-a860-2f45d97f3d79', 'e7c38f54-4c01-456b-b822-e5484ed70f48', 'MAAS-234', 'FROMAGE LVQR PM', 1000.00, '2026-05-08 17:22:17.167874+04', '2026-05-08 17:22:17.167874+04', NULL, '72d14212-7b68-4b50-adcc-7f5426c19fc2');
INSERT INTO public.products VALUES ('ee91065f-697f-496f-8748-1065c1c0a6dd', 'e7c38f54-4c01-456b-b822-e5484ed70f48', 'MAAS-236', 'Gloria PM POT', 600.00, '2026-05-08 17:22:17.16923+04', '2026-05-08 17:22:17.16923+04', NULL, '72d14212-7b68-4b50-adcc-7f5426c19fc2');
INSERT INTO public.products VALUES ('2ef2a990-861d-4c80-873b-bbfd87765125', 'e7c38f54-4c01-456b-b822-e5484ed70f48', 'MAAS-237', 'Gloria sachet 15g', 100.00, '2026-05-08 17:22:17.169938+04', '2026-05-08 17:22:17.169938+04', NULL, '72d14212-7b68-4b50-adcc-7f5426c19fc2');
INSERT INTO public.products VALUES ('d600cb80-29e7-40f6-a062-bea79a661828', 'e7c38f54-4c01-456b-b822-e5484ed70f48', 'MAAS-238', 'Gloria sachet 370g', 1950.00, '2026-05-08 17:22:17.170589+04', '2026-05-08 17:22:17.170589+04', NULL, '72d14212-7b68-4b50-adcc-7f5426c19fc2');
INSERT INTO public.products VALUES ('819f4bd2-637c-4725-8bd4-894cfc73cebf', 'e7c38f54-4c01-456b-b822-e5484ed70f48', 'MAAS-239', 'Huile NINNAL 1L', 1400.00, '2026-05-08 17:22:17.171392+04', '2026-05-08 17:22:17.171392+04', NULL, '72d14212-7b68-4b50-adcc-7f5426c19fc2');
INSERT INTO public.products VALUES ('a4f7bd28-6701-4e37-8c2d-ddd4993b5077', 'e7c38f54-4c01-456b-b822-e5484ed70f48', 'MAAS-241', 'JAVEL MADAR 1L', 475.00, '2026-05-08 17:22:17.177315+04', '2026-05-08 17:22:17.177315+04', NULL, '72d14212-7b68-4b50-adcc-7f5426c19fc2');
INSERT INTO public.products VALUES ('221dfa61-eed7-47db-90ca-998c89f1e094', 'e7c38f54-4c01-456b-b822-e5484ed70f48', 'MAAS-242', 'JUMBO', 1400.00, '2026-05-08 17:22:17.180267+04', '2026-05-08 17:22:17.180267+04', NULL, '72d14212-7b68-4b50-adcc-7f5426c19fc2');
INSERT INTO public.products VALUES ('647c332e-cbd9-4c88-bdaa-667725e2b627', 'e7c38f54-4c01-456b-b822-e5484ed70f48', 'MAAS-243', 'LAIT ELDORADO', 350.00, '2026-05-08 17:22:17.181651+04', '2026-05-08 17:22:17.181651+04', NULL, '72d14212-7b68-4b50-adcc-7f5426c19fc2');
INSERT INTO public.products VALUES ('7c2e190f-5153-479d-bee9-83be7b64269b', 'e7c38f54-4c01-456b-b822-e5484ed70f48', 'MAAS-244', 'MACARONI 500G', 600.00, '2026-05-08 17:22:17.183855+04', '2026-05-08 17:22:17.183855+04', NULL, '72d14212-7b68-4b50-adcc-7f5426c19fc2');
INSERT INTO public.products VALUES ('d4baebf0-3e33-4e28-b50c-d5b956155aee', 'e7c38f54-4c01-456b-b822-e5484ed70f48', 'MAAS-246', 'MADAR 100F', 100.00, '2026-05-08 17:22:17.188892+04', '2026-05-08 17:22:17.188892+04', NULL, '72d14212-7b68-4b50-adcc-7f5426c19fc2');
INSERT INTO public.products VALUES ('a62b1d35-f4ef-47db-a39a-becd0be0a536', 'e7c38f54-4c01-456b-b822-e5484ed70f48', 'MAAS-247', 'MADAR RMZO 1L', 900.00, '2026-05-08 17:22:17.189575+04', '2026-05-08 17:22:17.189575+04', NULL, '72d14212-7b68-4b50-adcc-7f5426c19fc2');
INSERT INTO public.products VALUES ('6215ef21-430e-4b5c-94c6-4599f34c45fc', 'e7c38f54-4c01-456b-b822-e5484ed70f48', 'MAAS-248', 'MADAR RMZO 250L', 250.00, '2026-05-08 17:22:17.190082+04', '2026-05-08 17:22:17.190082+04', NULL, '72d14212-7b68-4b50-adcc-7f5426c19fc2');
INSERT INTO public.products VALUES ('54627f5d-d91d-4b0c-b53f-1215dc8f9bc7', 'e7c38f54-4c01-456b-b822-e5484ed70f48', 'MAAS-250', 'MAGGI TABLETTE AROME', 1650.00, '2026-05-08 17:22:17.191076+04', '2026-05-08 17:22:17.191076+04', NULL, '72d14212-7b68-4b50-adcc-7f5426c19fc2');
INSERT INTO public.products VALUES ('a149ff1a-be42-4de0-aeb1-aa8c1a3b19d1', 'e7c38f54-4c01-456b-b822-e5484ed70f48', 'MAAS-251', 'Mais doux', 550.00, '2026-05-08 17:22:17.191693+04', '2026-05-08 17:22:17.191693+04', NULL, '72d14212-7b68-4b50-adcc-7f5426c19fc2');
INSERT INTO public.products VALUES ('58cf03b3-02ca-4a54-b716-171fe3ca89e6', 'e7c38f54-4c01-456b-b822-e5484ed70f48', 'MAAS-252', 'MOUTARDINE BAMA 500g', 1800.00, '2026-05-08 17:22:17.192226+04', '2026-05-08 17:22:17.192226+04', NULL, '72d14212-7b68-4b50-adcc-7f5426c19fc2');
INSERT INTO public.products VALUES ('4859d3a7-0edd-4681-887d-db5ef35b4ac5', 'e7c38f54-4c01-456b-b822-e5484ed70f48', 'MAAS-253', 'MOUTARDE REINE', 800.00, '2026-05-08 17:22:17.192679+04', '2026-05-08 17:22:17.192679+04', NULL, '72d14212-7b68-4b50-adcc-7f5426c19fc2');
INSERT INTO public.products VALUES ('024ba498-b3f3-427f-9d90-09d0063236fe', 'e7c38f54-4c01-456b-b822-e5484ed70f48', 'MAAS-254', 'Nescafe POT 200G', 5000.00, '2026-05-08 17:22:17.193519+04', '2026-05-08 17:22:17.193519+04', NULL, '72d14212-7b68-4b50-adcc-7f5426c19fc2');
INSERT INTO public.products VALUES ('f5e12b51-a644-4d3a-8a4a-ad1136ee2390', 'e7c38f54-4c01-456b-b822-e5484ed70f48', 'MAAS-256', 'Nescafe POT 50G', 1400.00, '2026-05-08 17:22:17.195453+04', '2026-05-08 17:22:17.195453+04', NULL, '72d14212-7b68-4b50-adcc-7f5426c19fc2');
INSERT INTO public.products VALUES ('4ad65cc1-53df-4b15-aea8-5962041fcae9', 'e7c38f54-4c01-456b-b822-e5484ed70f48', 'MAAS-257', 'Nescafe Sachet 100G', 2200.00, '2026-05-08 17:22:17.196154+04', '2026-05-08 17:22:17.196154+04', NULL, '72d14212-7b68-4b50-adcc-7f5426c19fc2');
INSERT INTO public.products VALUES ('0179ea02-92e0-40cf-a6a8-d98893667878', 'e7c38f54-4c01-456b-b822-e5484ed70f48', 'MAAS-258', 'OIGNON BLANC', 650.00, '2026-05-08 17:22:17.196916+04', '2026-05-08 17:22:17.196916+04', NULL, '72d14212-7b68-4b50-adcc-7f5426c19fc2');
INSERT INTO public.products VALUES ('5628f1b3-e68a-4a13-a83b-881b4658a7c8', 'e7c38f54-4c01-456b-b822-e5484ed70f48', 'MAAS-260', 'OLIVES', 850.00, '2026-05-08 17:22:17.203873+04', '2026-05-08 17:22:17.203873+04', NULL, '72d14212-7b68-4b50-adcc-7f5426c19fc2');
INSERT INTO public.products VALUES ('59120fa0-ccbc-48e1-bde0-697e0d7443f0', 'e7c38f54-4c01-456b-b822-e5484ed70f48', 'MAAS-261', 'PETIS POIS EN VRAC', 1000.00, '2026-05-08 17:22:17.205111+04', '2026-05-08 17:22:17.205111+04', NULL, '72d14212-7b68-4b50-adcc-7f5426c19fc2');
INSERT INTO public.products VALUES ('b79a34dc-60bf-423d-b53b-bd733d4a2407', 'e7c38f54-4c01-456b-b822-e5484ed70f48', 'MAAS-262', 'PETIT POIS AVRIL GM', 2000.00, '2026-05-08 17:22:17.20578+04', '2026-05-08 17:22:17.20578+04', NULL, '72d14212-7b68-4b50-adcc-7f5426c19fc2');
INSERT INTO public.products VALUES ('c6a72753-1907-4e12-a40f-8dd3167f4e15', 'e7c38f54-4c01-456b-b822-e5484ed70f48', 'MAAS-263', 'PETIT POIS ORDINAIRE GM', 850.00, '2026-05-08 17:22:17.206308+04', '2026-05-08 17:22:17.206308+04', NULL, '72d14212-7b68-4b50-adcc-7f5426c19fc2');
INSERT INTO public.products VALUES ('65fced82-bd94-4eac-b351-6737a70c722b', 'e7c38f54-4c01-456b-b822-e5484ed70f48', 'MAAS-265', 'POMME DE TERRE SAC', 400.00, '2026-05-08 17:22:17.207298+04', '2026-05-08 17:22:17.207298+04', NULL, '72d14212-7b68-4b50-adcc-7f5426c19fc2');
INSERT INTO public.products VALUES ('56bdf769-902b-4625-a830-602726f0e543', 'e7c38f54-4c01-456b-b822-e5484ed70f48', 'MAAS-266', 'RIZ 5kg', 750.00, '2026-05-08 17:22:17.207959+04', '2026-05-08 17:22:17.207959+04', NULL, '72d14212-7b68-4b50-adcc-7f5426c19fc2');
INSERT INTO public.products VALUES ('f3480fe5-9bea-43d1-9c9e-4124af422814', 'e7c38f54-4c01-456b-b822-e5484ed70f48', 'MAAS-267', 'RIZ ENTIER TEERAL 1KG', 380.00, '2026-05-08 17:22:17.208566+04', '2026-05-08 17:22:17.208566+04', NULL, '72d14212-7b68-4b50-adcc-7f5426c19fc2');
INSERT INTO public.products VALUES ('bd75c822-0e5b-4da7-bffe-0864387a65f6', 'e7c38f54-4c01-456b-b822-e5484ed70f48', 'MAAS-268', 'RIZ ENTIER TEERAL 25KG', 10550.00, '2026-05-08 17:22:17.20914+04', '2026-05-08 17:22:17.20914+04', NULL, '72d14212-7b68-4b50-adcc-7f5426c19fc2');
INSERT INTO public.products VALUES ('13f27634-6de8-4844-ba19-cbe9e6534f82', 'e7c38f54-4c01-456b-b822-e5484ed70f48', 'MAAS-270', 'RIZ PRESTIGE 25KG', 11800.00, '2026-05-08 17:22:17.210846+04', '2026-05-08 17:22:17.210846+04', NULL, '72d14212-7b68-4b50-adcc-7f5426c19fc2');
INSERT INTO public.products VALUES ('ca924459-aa4f-4442-8590-af78089f67fc', 'e7c38f54-4c01-456b-b822-e5484ed70f48', 'MAAS-271', 'RIZ UMBRELLA 1KG', 460.00, '2026-05-08 17:22:17.212509+04', '2026-05-08 17:22:17.212509+04', NULL, '72d14212-7b68-4b50-adcc-7f5426c19fc2');
INSERT INTO public.products VALUES ('3a556517-2166-48b4-bf3e-59e9dcba8ae8', 'e7c38f54-4c01-456b-b822-e5484ed70f48', 'MAAS-272', 'RIZ UMBRELLA 25KG', 12800.00, '2026-05-08 17:22:17.213391+04', '2026-05-08 17:22:17.213391+04', NULL, '72d14212-7b68-4b50-adcc-7f5426c19fc2');
INSERT INTO public.products VALUES ('057d8472-a981-48d2-81dc-537eca2bbc5b', 'e7c38f54-4c01-456b-b822-e5484ed70f48', 'MAAS-273', 'SARDINE', 400.00, '2026-05-08 17:22:17.214108+04', '2026-05-08 17:22:17.214108+04', NULL, 'cf733bde-3b91-4ac9-83b5-77692992c7ef');
INSERT INTO public.products VALUES ('62990264-c877-4350-a66f-95ec592fe728', 'e7c38f54-4c01-456b-b822-e5484ed70f48', 'MAAS-276', 'SIROP MENTHE', 2100.00, '2026-05-08 17:22:17.222746+04', '2026-05-08 17:22:17.222746+04', NULL, '72d14212-7b68-4b50-adcc-7f5426c19fc2');
INSERT INTO public.products VALUES ('f6c22cc4-d2e8-4108-8f80-4dfe6631ff59', 'e7c38f54-4c01-456b-b822-e5484ed70f48', 'MAAS-277', 'Spaghetti 250g', 300.00, '2026-05-08 17:22:17.223737+04', '2026-05-08 17:22:17.223737+04', NULL, '72d14212-7b68-4b50-adcc-7f5426c19fc2');
INSERT INTO public.products VALUES ('1236e7d8-04fe-4355-9aff-f19d459811b6', 'e7c38f54-4c01-456b-b822-e5484ed70f48', 'MAAS-278', 'Sucre Beghin say 1kg', 1250.00, '2026-05-08 17:22:17.224481+04', '2026-05-08 17:22:17.224481+04', NULL, '72d14212-7b68-4b50-adcc-7f5426c19fc2');
INSERT INTO public.products VALUES ('71bbb436-608a-452c-86ed-f98a9c1457cf', 'e7c38f54-4c01-456b-b822-e5484ed70f48', 'MAAS-280', 'SUCRE VANILLE CARTON', 1000.00, '2026-05-08 17:22:17.226198+04', '2026-05-08 17:22:17.226198+04', NULL, '72d14212-7b68-4b50-adcc-7f5426c19fc2');
INSERT INTO public.products VALUES ('983415e8-a583-48b1-a9b8-51aaaae6feae', 'e7c38f54-4c01-456b-b822-e5484ed70f48', 'MAAS-281', 'SUNQUICK ANANAS GM', 3200.00, '2026-05-08 17:22:17.227759+04', '2026-05-08 17:22:17.227759+04', NULL, '72d14212-7b68-4b50-adcc-7f5426c19fc2');
INSERT INTO public.products VALUES ('7ea1eea5-8976-46bc-a672-aaccf121a856', 'e7c38f54-4c01-456b-b822-e5484ed70f48', 'MAAS-282', 'SUNQUICK FRAISE GM', 3200.00, '2026-05-08 17:22:17.229051+04', '2026-05-08 17:22:17.229051+04', NULL, '72d14212-7b68-4b50-adcc-7f5426c19fc2');
INSERT INTO public.products VALUES ('d4928494-76e3-4210-9ff4-bf9ce7252912', 'e7c38f54-4c01-456b-b822-e5484ed70f48', 'MAAS-283', 'SUNQUICK ORANGE GM', 3100.00, '2026-05-08 17:22:17.229872+04', '2026-05-08 17:22:17.229872+04', NULL, '72d14212-7b68-4b50-adcc-7f5426c19fc2');
INSERT INTO public.products VALUES ('89286c49-1fca-4ee4-98ae-84a55693d066', 'e7c38f54-4c01-456b-b822-e5484ed70f48', 'MAAS-285', 'Tomate Dieg GM', 1650.00, '2026-05-08 17:22:17.231731+04', '2026-05-08 17:22:17.231731+04', NULL, '72d14212-7b68-4b50-adcc-7f5426c19fc2');
INSERT INTO public.products VALUES ('8298d349-b474-428f-9e8b-3dc0b3cf83c2', 'e7c38f54-4c01-456b-b822-e5484ed70f48', 'MAAS-286', 'Tomate Dieg PM', 1000.00, '2026-05-08 17:22:17.236054+04', '2026-05-08 17:22:17.236054+04', NULL, '72d14212-7b68-4b50-adcc-7f5426c19fc2');
INSERT INTO public.products VALUES ('1e955236-4886-4b5a-8294-a92f98aa9b15', 'e7c38f54-4c01-456b-b822-e5484ed70f48', 'MAAS-287', 'Tomate Dieg Sachet', 135.00, '2026-05-08 17:22:17.238465+04', '2026-05-08 17:22:17.238465+04', NULL, '72d14212-7b68-4b50-adcc-7f5426c19fc2');
INSERT INTO public.products VALUES ('78eb47ac-4577-47c2-b469-c688855600d0', 'e7c38f54-4c01-456b-b822-e5484ed70f48', 'MAAS-288', 'VERMICELLE DALIA 500G', 750.00, '2026-05-08 17:22:17.239315+04', '2026-05-08 17:22:17.239315+04', NULL, '72d14212-7b68-4b50-adcc-7f5426c19fc2');
INSERT INTO public.products VALUES ('474487c7-cd86-45cf-b5d0-983476f10821', 'e7c38f54-4c01-456b-b822-e5484ed70f48', 'MAAS-290', 'VINAIGRE BLANC 1L', 450.00, '2026-05-08 17:22:17.240519+04', '2026-05-08 17:22:17.240519+04', NULL, '72d14212-7b68-4b50-adcc-7f5426c19fc2');
INSERT INTO public.products VALUES ('e520984c-0287-43be-bcb4-3105893e52da', 'e7c38f54-4c01-456b-b822-e5484ed70f48', 'MAAS-291', 'CERELAC QUATRE FRUITS', 1150.00, '2026-05-08 17:22:17.241094+04', '2026-05-08 17:22:17.241094+04', NULL, '72d14212-7b68-4b50-adcc-7f5426c19fc2');
INSERT INTO public.products VALUES ('96271614-bc4a-4bcd-8c03-19d90618f942', 'e7c38f54-4c01-456b-b822-e5484ed70f48', 'MAAS-292', 'HUILE DE PALME 500ml', 850.00, '2026-05-08 17:22:17.241652+04', '2026-05-08 17:22:17.241652+04', NULL, '72d14212-7b68-4b50-adcc-7f5426c19fc2');
INSERT INTO public.products VALUES ('9a49a8b5-89fb-4929-b0da-3fb472fd6780', 'e7c38f54-4c01-456b-b822-e5484ed70f48', 'MAAS-293', 'Ail', 1750.00, '2026-05-08 17:22:17.242228+04', '2026-05-08 17:22:17.242228+04', NULL, '72d14212-7b68-4b50-adcc-7f5426c19fc2');
INSERT INTO public.products VALUES ('666edd98-fc40-433b-a5a0-192b223891ad', 'e7c38f54-4c01-456b-b822-e5484ed70f48', 'MAAS-294', 'ALWAYS', 950.00, '2026-05-08 17:22:17.24275+04', '2026-05-08 17:22:17.24275+04', NULL, '72d14212-7b68-4b50-adcc-7f5426c19fc2');
INSERT INTO public.products VALUES ('5c7d670e-ecfe-4a5f-b795-b4b7a3ccf314', 'e7c38f54-4c01-456b-b822-e5484ed70f48', 'MAAS-296', 'AROME MAGGI PM', 800.00, '2026-05-08 17:22:17.245047+04', '2026-05-08 17:22:17.245047+04', NULL, '72d14212-7b68-4b50-adcc-7f5426c19fc2');
INSERT INTO public.products VALUES ('03887aef-d458-4ddc-afcd-ee3226be8116', 'e7c38f54-4c01-456b-b822-e5484ed70f48', 'MAAS-297', 'BRIDEL 50 Cl', 1000.00, '2026-05-08 17:22:17.246149+04', '2026-05-08 17:22:17.246149+04', NULL, '72d14212-7b68-4b50-adcc-7f5426c19fc2');
INSERT INTO public.products VALUES ('d42efc14-7c47-48e7-b8a7-2f77166c7a94', 'e7c38f54-4c01-456b-b822-e5484ed70f48', 'MAAS-298', 'Choco pain 1kg', 2300.00, '2026-05-08 17:22:17.247008+04', '2026-05-08 17:22:17.247008+04', NULL, '72d14212-7b68-4b50-adcc-7f5426c19fc2');
INSERT INTO public.products VALUES ('e71426e9-6539-4c80-9fcf-538a48ce04a5', 'e7c38f54-4c01-456b-b822-e5484ed70f48', 'MAAS-300', 'CITRON LIQUIDE', 1200.00, '2026-05-08 17:22:17.251817+04', '2026-05-08 17:22:17.251817+04', NULL, '72d14212-7b68-4b50-adcc-7f5426c19fc2');
INSERT INTO public.products VALUES ('c7efa6d0-0758-4422-b353-24b5979242d7', 'e7c38f54-4c01-456b-b822-e5484ed70f48', 'MAAS-301', 'CORNE BOEUF GM', 650.00, '2026-05-08 17:22:17.255644+04', '2026-05-08 17:22:17.255644+04', NULL, 'f7e1d19c-62b6-4f96-a0a5-3c008a406b48');
INSERT INTO public.products VALUES ('8c3317fb-8025-4891-b5ca-3ae84294158b', 'e7c38f54-4c01-456b-b822-e5484ed70f48', 'MAAS-302', 'Cornichon verre 370G', 850.00, '2026-05-08 17:22:17.257383+04', '2026-05-08 17:22:17.257383+04', NULL, '72d14212-7b68-4b50-adcc-7f5426c19fc2');
INSERT INTO public.products VALUES ('f28207f7-ee5b-429f-9f62-6351e07b40c1', 'e7c38f54-4c01-456b-b822-e5484ed70f48', 'MAAS-303', 'COUCOUS KAYNA 1KG', 1250.00, '2026-05-08 17:22:17.258299+04', '2026-05-08 17:22:17.258299+04', NULL, '72d14212-7b68-4b50-adcc-7f5426c19fc2');
INSERT INTO public.products VALUES ('d9063ec4-b0a3-4efc-9317-931fc6d0d584', 'e7c38f54-4c01-456b-b822-e5484ed70f48', 'MAAS-305', 'DATTE 250g', 500.00, '2026-05-08 17:22:17.260051+04', '2026-05-08 17:22:17.260051+04', NULL, '72d14212-7b68-4b50-adcc-7f5426c19fc2');
INSERT INTO public.products VALUES ('f076700c-09b6-41e2-b86c-c7488ed2f4ff', 'e7c38f54-4c01-456b-b822-e5484ed70f48', 'MAAS-306', 'DATTE 500g', 950.00, '2026-05-08 17:22:17.262598+04', '2026-05-08 17:22:17.262598+04', NULL, '72d14212-7b68-4b50-adcc-7f5426c19fc2');
INSERT INTO public.products VALUES ('b90a5ab9-aa47-43ce-81d6-c68ef766930a', 'e7c38f54-4c01-456b-b822-e5484ed70f48', 'MAAS-307', 'FLEUR D''ORANDE', 200.00, '2026-05-08 17:22:17.263743+04', '2026-05-08 17:22:17.263743+04', NULL, '72d14212-7b68-4b50-adcc-7f5426c19fc2');
INSERT INTO public.products VALUES ('d2fcdf75-1c48-46f1-9925-b0a6a0c9df70', 'e7c38f54-4c01-456b-b822-e5484ed70f48', 'MAAS-308', 'FROMAGE LVQR PM', 1000.00, '2026-05-08 17:22:17.264836+04', '2026-05-08 17:22:17.264836+04', NULL, '72d14212-7b68-4b50-adcc-7f5426c19fc2');
INSERT INTO public.products VALUES ('992d17b2-96f7-4ed5-9320-0134e8eba7c9', 'e7c38f54-4c01-456b-b822-e5484ed70f48', 'MAAS-310', 'Gloria PM POT', 600.00, '2026-05-08 17:22:17.271563+04', '2026-05-08 17:22:17.271563+04', NULL, '72d14212-7b68-4b50-adcc-7f5426c19fc2');
INSERT INTO public.products VALUES ('84e75b2b-43bc-4006-8b1a-cdfbf26b5415', 'e7c38f54-4c01-456b-b822-e5484ed70f48', 'MAAS-311', 'Gloria sachet 15g', 100.00, '2026-05-08 17:22:17.272489+04', '2026-05-08 17:22:17.272489+04', NULL, '72d14212-7b68-4b50-adcc-7f5426c19fc2');
INSERT INTO public.products VALUES ('efa08591-a5de-4d4d-a5ae-977db098ac04', 'e7c38f54-4c01-456b-b822-e5484ed70f48', 'MAAS-312', 'Gloria sachet 370g', 1950.00, '2026-05-08 17:22:17.273098+04', '2026-05-08 17:22:17.273098+04', NULL, '72d14212-7b68-4b50-adcc-7f5426c19fc2');
INSERT INTO public.products VALUES ('2aa238c9-aeb1-4f1f-a4c0-0b9c2176eed2', 'e7c38f54-4c01-456b-b822-e5484ed70f48', 'MAAS-313', 'Huile NINNAL 1L', 1400.00, '2026-05-08 17:22:17.273695+04', '2026-05-08 17:22:17.273695+04', NULL, '72d14212-7b68-4b50-adcc-7f5426c19fc2');
INSERT INTO public.products VALUES ('13b7e5d0-db73-445a-bb07-0a7c73be6b78', 'e7c38f54-4c01-456b-b822-e5484ed70f48', 'MAAS-315', 'JAVEL MADAR 1L', 475.00, '2026-05-08 17:22:17.274753+04', '2026-05-08 17:22:17.274753+04', NULL, '72d14212-7b68-4b50-adcc-7f5426c19fc2');
INSERT INTO public.products VALUES ('8d4f1d01-b366-44e7-a6af-3215bbc1737f', 'e7c38f54-4c01-456b-b822-e5484ed70f48', 'MAAS-316', 'JUMBO', 1400.00, '2026-05-08 17:22:17.275424+04', '2026-05-08 17:22:17.275424+04', NULL, '72d14212-7b68-4b50-adcc-7f5426c19fc2');
INSERT INTO public.products VALUES ('e1f3258e-be7f-4dd7-9486-8795efa69f8a', 'e7c38f54-4c01-456b-b822-e5484ed70f48', 'MAAS-317', 'LAIT ELDORADO', 350.00, '2026-05-08 17:22:17.276011+04', '2026-05-08 17:22:17.276011+04', NULL, '72d14212-7b68-4b50-adcc-7f5426c19fc2');
INSERT INTO public.products VALUES ('0bc788c4-1b74-46cb-aa13-5797c8c67f15', 'e7c38f54-4c01-456b-b822-e5484ed70f48', 'MAAS-319', 'MACEDOINE AVRIL PM', 1150.00, '2026-05-08 17:22:17.277925+04', '2026-05-08 17:22:17.277925+04', NULL, '72d14212-7b68-4b50-adcc-7f5426c19fc2');
INSERT INTO public.products VALUES ('01a2de51-60e5-440e-a4bb-aaa65edb1dad', 'e7c38f54-4c01-456b-b822-e5484ed70f48', 'MAAS-320', 'MADAR 100F', 100.00, '2026-05-08 17:22:17.279071+04', '2026-05-08 17:22:17.279071+04', NULL, '72d14212-7b68-4b50-adcc-7f5426c19fc2');
INSERT INTO public.products VALUES ('1b20e8a9-1ce3-43d9-8df8-ab17da0b8ac4', 'e7c38f54-4c01-456b-b822-e5484ed70f48', 'MAAS-321', 'MADAR RMZO 1L', 900.00, '2026-05-08 17:22:17.27985+04', '2026-05-08 17:22:17.27985+04', NULL, '72d14212-7b68-4b50-adcc-7f5426c19fc2');
INSERT INTO public.products VALUES ('fc755377-c0ae-4851-aac2-e0d7227b2b62', 'e7c38f54-4c01-456b-b822-e5484ed70f48', 'MAAS-322', 'MADAR RMZO 250L', 250.00, '2026-05-08 17:22:17.280805+04', '2026-05-08 17:22:17.280805+04', NULL, '72d14212-7b68-4b50-adcc-7f5426c19fc2');
INSERT INTO public.products VALUES ('30d550f7-ed85-4d1b-adcd-a150eed10992', 'e7c38f54-4c01-456b-b822-e5484ed70f48', 'MAAS-324', 'MAGGI TABLETTE AROME', 1650.00, '2026-05-08 17:22:17.289019+04', '2026-05-08 17:22:17.289019+04', NULL, '72d14212-7b68-4b50-adcc-7f5426c19fc2');
INSERT INTO public.products VALUES ('a5177a43-4cdd-4f75-a676-fdf5d9e12dfd', 'e7c38f54-4c01-456b-b822-e5484ed70f48', 'MAAS-325', 'Mais doux', 550.00, '2026-05-08 17:22:17.290077+04', '2026-05-08 17:22:17.290077+04', NULL, '72d14212-7b68-4b50-adcc-7f5426c19fc2');
INSERT INTO public.products VALUES ('99fc2ce8-42e4-479e-9842-d2d7d549bf2c', 'e7c38f54-4c01-456b-b822-e5484ed70f48', 'MAAS-326', 'MOUTARDINE BAMA 500g', 1800.00, '2026-05-08 17:22:17.290763+04', '2026-05-08 17:22:17.290763+04', NULL, '72d14212-7b68-4b50-adcc-7f5426c19fc2');
INSERT INTO public.products VALUES ('89b9a6a1-baa1-47c4-a3a6-968ea17925a7', 'e7c38f54-4c01-456b-b822-e5484ed70f48', 'MAAS-327', 'MOUTARDE REINE', 800.00, '2026-05-08 17:22:17.291426+04', '2026-05-08 17:22:17.291426+04', NULL, '72d14212-7b68-4b50-adcc-7f5426c19fc2');
INSERT INTO public.products VALUES ('f4c5b3c1-bb5a-4b7f-8469-0d8243c4232d', 'e7c38f54-4c01-456b-b822-e5484ed70f48', 'MAAS-329', 'Nescafe POT 100G', 2850.00, '2026-05-08 17:22:17.292669+04', '2026-05-08 17:22:17.292669+04', NULL, '72d14212-7b68-4b50-adcc-7f5426c19fc2');
INSERT INTO public.products VALUES ('28575aa5-6fdb-4e12-911d-6e03e3368f20', 'e7c38f54-4c01-456b-b822-e5484ed70f48', 'MAAS-330', 'Nescafe POT 50G', 1400.00, '2026-05-08 17:22:17.293584+04', '2026-05-08 17:22:17.293584+04', NULL, '72d14212-7b68-4b50-adcc-7f5426c19fc2');
INSERT INTO public.products VALUES ('c1c3ad85-58bc-4277-b40d-58a35dae17a2', 'e7c38f54-4c01-456b-b822-e5484ed70f48', 'MAAS-331', 'Nescafe Sachet 100G', 2200.00, '2026-05-08 17:22:17.294836+04', '2026-05-08 17:22:17.294836+04', NULL, '72d14212-7b68-4b50-adcc-7f5426c19fc2');
INSERT INTO public.products VALUES ('13ed3e1c-88b8-4fa0-b37d-818b8a1d8e36', 'e7c38f54-4c01-456b-b822-e5484ed70f48', 'MAAS-332', 'OIGNON BLANC', 650.00, '2026-05-08 17:22:17.295949+04', '2026-05-08 17:22:17.295949+04', NULL, '72d14212-7b68-4b50-adcc-7f5426c19fc2');
INSERT INTO public.products VALUES ('04d081e0-054d-414c-9dcb-6ecfa841252e', 'e7c38f54-4c01-456b-b822-e5484ed70f48', 'MAAS-334', 'OLIVES', 850.00, '2026-05-08 17:22:17.297077+04', '2026-05-08 17:22:17.297077+04', NULL, '72d14212-7b68-4b50-adcc-7f5426c19fc2');
INSERT INTO public.products VALUES ('15b30b8d-25e4-494f-8e09-cd8a27a3cda8', 'e7c38f54-4c01-456b-b822-e5484ed70f48', 'MAAS-335', 'PETIS POIS EN VRAC', 1000.00, '2026-05-08 17:22:17.298443+04', '2026-05-08 17:22:17.298443+04', NULL, '72d14212-7b68-4b50-adcc-7f5426c19fc2');
INSERT INTO public.products VALUES ('b8edd7a0-fbe1-46f5-807e-31b2f65ed452', 'e7c38f54-4c01-456b-b822-e5484ed70f48', 'MAAS-336', 'PETIT POIS AVRIL GM', 2000.00, '2026-05-08 17:22:17.302647+04', '2026-05-08 17:22:17.302647+04', NULL, '72d14212-7b68-4b50-adcc-7f5426c19fc2');
INSERT INTO public.products VALUES ('f6786607-c430-48ae-acd2-1fdcbc29b10a', 'e7c38f54-4c01-456b-b822-e5484ed70f48', 'MAAS-338', 'PINTHON PM', 1400.00, '2026-05-08 17:22:17.304222+04', '2026-05-08 17:22:17.304222+04', NULL, '72d14212-7b68-4b50-adcc-7f5426c19fc2');
INSERT INTO public.products VALUES ('3eeb2b52-01a3-4009-866d-971efca426ad', 'e7c38f54-4c01-456b-b822-e5484ed70f48', 'MAAS-339', 'POMME DE TERRE SAC', 400.00, '2026-05-08 17:22:17.304634+04', '2026-05-08 17:22:17.304634+04', NULL, '72d14212-7b68-4b50-adcc-7f5426c19fc2');
INSERT INTO public.products VALUES ('14bd94fd-35d7-4370-95d5-6df331d14c77', 'e7c38f54-4c01-456b-b822-e5484ed70f48', 'MAAS-340', 'RIZ 5kg', 750.00, '2026-05-08 17:22:17.305022+04', '2026-05-08 17:22:17.305022+04', NULL, '72d14212-7b68-4b50-adcc-7f5426c19fc2');
INSERT INTO public.products VALUES ('cf8c8bae-9f63-4719-988f-8cede29fa991', 'e7c38f54-4c01-456b-b822-e5484ed70f48', 'MAAS-341', 'RIZ ENTIER TEERAL 1KG', 380.00, '2026-05-08 17:22:17.305409+04', '2026-05-08 17:22:17.305409+04', NULL, '72d14212-7b68-4b50-adcc-7f5426c19fc2');
INSERT INTO public.products VALUES ('c39d2706-3f1f-450c-b80a-24f8302e5290', 'e7c38f54-4c01-456b-b822-e5484ed70f48', 'MAAS-343', 'RIZ PRESTIGE 1KG', 420.00, '2026-05-08 17:22:17.306451+04', '2026-05-08 17:22:17.306451+04', NULL, '72d14212-7b68-4b50-adcc-7f5426c19fc2');
INSERT INTO public.products VALUES ('5206f586-7af9-436f-a845-5c81aaa1adec', 'e7c38f54-4c01-456b-b822-e5484ed70f48', 'MAAS-344', 'RIZ PRESTIGE 25KG', 11800.00, '2026-05-08 17:22:17.306868+04', '2026-05-08 17:22:17.306868+04', NULL, '72d14212-7b68-4b50-adcc-7f5426c19fc2');
INSERT INTO public.products VALUES ('3a943a34-ba8f-463a-80b5-4415b9be9bf9', 'e7c38f54-4c01-456b-b822-e5484ed70f48', 'MAAS-345', 'RIZ UMBRELLA 1KG', 460.00, '2026-05-08 17:22:17.307337+04', '2026-05-08 17:22:17.307337+04', NULL, '72d14212-7b68-4b50-adcc-7f5426c19fc2');
INSERT INTO public.products VALUES ('56fc080f-949b-42fc-b1e0-5f2b3fdeda49', 'e7c38f54-4c01-456b-b822-e5484ed70f48', 'MAAS-346', 'RIZ UMBRELLA 25KG', 12800.00, '2026-05-08 17:22:17.307846+04', '2026-05-08 17:22:17.307846+04', NULL, '72d14212-7b68-4b50-adcc-7f5426c19fc2');
INSERT INTO public.products VALUES ('ed552508-ff8a-4c19-9738-3513d9164acf', 'e7c38f54-4c01-456b-b822-e5484ed70f48', 'MAAS-347', 'SARDINE', 400.00, '2026-05-08 17:22:17.308383+04', '2026-05-08 17:22:17.308383+04', NULL, 'cf733bde-3b91-4ac9-83b5-77692992c7ef');
INSERT INTO public.products VALUES ('928f8675-b3c3-4445-92c2-0bdb2bf1ab55', 'd90c99b4-f887-452e-b061-917da46c1aa6', 'MAAS-2', 'Boeuf en gros', 3500.00, '2026-05-08 17:22:17.438204+04', '2026-05-08 17:22:17.438204+04', NULL, 'a988a28f-dbc2-4d7d-9940-13c1a41be87d');
INSERT INTO public.products VALUES ('5950ffcc-664a-4d13-8637-1c515391ba11', 'd90c99b4-f887-452e-b061-917da46c1aa6', 'MAAS-4', 'Foie', 3000.00, '2026-05-08 17:22:17.43901+04', '2026-05-08 17:22:17.43901+04', NULL, '1b477199-3a0f-4733-950f-643122e7d406');
INSERT INTO public.products VALUES ('2c63d596-7630-4c3c-97ea-b7924b1d70a1', 'd90c99b4-f887-452e-b061-917da46c1aa6', 'MAAS-5', 'Yell', 2000.00, '2026-05-08 17:22:17.439397+04', '2026-05-08 17:22:17.439397+04', NULL, '1b477199-3a0f-4733-950f-643122e7d406');
INSERT INTO public.products VALUES ('3777a90b-d328-4c2a-a4eb-98a7a4fa2ee2', 'd90c99b4-f887-452e-b061-917da46c1aa6', 'MAAS-6', 'Jarret', 250.00, '2026-05-08 17:22:17.439732+04', '2026-05-08 17:22:17.439732+04', NULL, 'a988a28f-dbc2-4d7d-9940-13c1a41be87d');
INSERT INTO public.products VALUES ('de77e4c4-820d-4f88-8e0a-2cc6833338ff', 'd90c99b4-f887-452e-b061-917da46c1aa6', 'MAAS-7', 'Abats', 1000.00, '2026-05-08 17:22:17.440146+04', '2026-05-08 17:22:17.440146+04', NULL, 'a988a28f-dbc2-4d7d-9940-13c1a41be87d');
INSERT INTO public.products VALUES ('aa179c8a-3829-4278-a7b5-a7364522ce74', 'd90c99b4-f887-452e-b061-917da46c1aa6', 'MAAS-10', 'Sans Os', 4500.00, '2026-05-08 17:22:17.441199+04', '2026-05-08 17:22:17.441199+04', NULL, 'a988a28f-dbc2-4d7d-9940-13c1a41be87d');
INSERT INTO public.products VALUES ('a63b6296-3a1b-4a1e-896a-d844e5392c22', 'd90c99b4-f887-452e-b061-917da46c1aa6', 'MAAS-11', 'Veau en détail', 3900.00, '2026-05-08 17:22:17.441626+04', '2026-05-08 17:22:17.441626+04', NULL, 'a988a28f-dbc2-4d7d-9940-13c1a41be87d');
INSERT INTO public.products VALUES ('f10e6f08-5de2-4b49-afc6-4c5df6a6effa', 'd90c99b4-f887-452e-b061-917da46c1aa6', 'MAAS-12', 'Veau en gros', 3700.00, '2026-05-08 17:22:17.442011+04', '2026-05-08 17:22:17.442011+04', NULL, 'a988a28f-dbc2-4d7d-9940-13c1a41be87d');
INSERT INTO public.products VALUES ('3a8c24d1-8ddf-4e1e-8e30-1c57171a1a1e', 'd90c99b4-f887-452e-b061-917da46c1aa6', 'MAAS-14', 'Merguez', 4500.00, '2026-05-08 17:22:17.442719+04', '2026-05-08 17:22:17.442719+04', NULL, 'a988a28f-dbc2-4d7d-9940-13c1a41be87d');
INSERT INTO public.products VALUES ('ccdc3de0-71fb-4846-9741-521d9176b1a5', 'd90c99b4-f887-452e-b061-917da46c1aa6', 'MAAS-16', 'Tete de Boeuf', 10000.00, '2026-05-08 17:22:17.443162+04', '2026-05-08 17:22:17.443162+04', NULL, 'a988a28f-dbc2-4d7d-9940-13c1a41be87d');
INSERT INTO public.products VALUES ('8eebb01d-1a73-4a8a-a2bb-f8da6fd6a35f', 'd90c99b4-f887-452e-b061-917da46c1aa6', 'MAAS-19', 'Peaux', 6000.00, '2026-05-08 17:22:17.44413+04', '2026-05-08 17:22:17.44413+04', NULL, 'a988a28f-dbc2-4d7d-9940-13c1a41be87d');
INSERT INTO public.products VALUES ('26ba2c92-f69f-4906-82c4-db45e507d60f', 'd90c99b4-f887-452e-b061-917da46c1aa6', 'MAAS-20', 'Agneau', 4500.00, '2026-05-08 17:22:17.445039+04', '2026-05-08 17:22:17.445039+04', NULL, '61d9a138-3c1a-4ad3-b155-d87125bdae37');
INSERT INTO public.products VALUES ('cdba4bad-7d93-4510-90da-9865e3387abe', 'd90c99b4-f887-452e-b061-917da46c1aa6', 'MAAS-22', 'Mouton sur pied', 0.00, '2026-05-08 17:22:17.446293+04', '2026-05-08 17:22:17.446293+04', NULL, '61d9a138-3c1a-4ad3-b155-d87125bdae37');
INSERT INTO public.products VALUES ('d928905b-a64a-4e35-9c18-4da1e13069da', 'd90c99b4-f887-452e-b061-917da46c1aa6', 'MAAS-23', 'Poulet en détail', 3500.00, '2026-05-08 17:22:17.448396+04', '2026-05-08 17:22:17.448396+04', NULL, 'e3f96248-af6c-4cc9-bf77-1b81fe899c7e');
INSERT INTO public.products VALUES ('6f58422a-e4c3-45ca-819b-3bd2a76ed0cd', 'd90c99b4-f887-452e-b061-917da46c1aa6', 'MAAS-24', 'Poulet en gros', 3000.00, '2026-05-08 17:22:17.451656+04', '2026-05-08 17:22:17.451656+04', NULL, 'e3f96248-af6c-4cc9-bf77-1b81fe899c7e');
INSERT INTO public.products VALUES ('7d24fc40-1f7d-42e3-8cc0-9dea067e4e45', 'd90c99b4-f887-452e-b061-917da46c1aa6', 'MAAS-25', 'Oeuf', 2800.00, '2026-05-08 17:22:17.45251+04', '2026-05-08 17:22:17.45251+04', NULL, 'e3f96248-af6c-4cc9-bf77-1b81fe899c7e');
INSERT INTO public.products VALUES ('59ed1ba2-7608-41a1-b524-0eafbf8af470', 'd90c99b4-f887-452e-b061-917da46c1aa6', 'MAAS-27', 'Pilon', 3500.00, '2026-05-08 17:22:17.453392+04', '2026-05-08 17:22:17.453392+04', NULL, 'e3f96248-af6c-4cc9-bf77-1b81fe899c7e');
INSERT INTO public.products VALUES ('3b026ffa-bf4e-406c-aa7d-6e4cea1f06cd', 'd90c99b4-f887-452e-b061-917da46c1aa6', 'MAAS-28', 'Merguez poulet', 5500.00, '2026-05-08 17:22:17.454143+04', '2026-05-08 17:22:17.454143+04', NULL, 'a988a28f-dbc2-4d7d-9940-13c1a41be87d');
INSERT INTO public.products VALUES ('866e2afd-b60f-47cd-a330-963799b02f2b', 'd90c99b4-f887-452e-b061-917da46c1aa6', 'MAAS-29', 'Pack25000', 25000.00, '2026-05-08 17:22:17.454711+04', '2026-05-08 17:22:17.454711+04', NULL, '4fb2f70e-dd13-4882-a8b1-d0909d1fbb15');
INSERT INTO public.products VALUES ('92a2a9c2-f36a-4da0-9c52-f139be8c54b7', 'd90c99b4-f887-452e-b061-917da46c1aa6', 'MAAS-31', 'Pack35000', 35000.00, '2026-05-08 17:22:17.455704+04', '2026-05-08 17:22:17.455704+04', NULL, '4fb2f70e-dd13-4882-a8b1-d0909d1fbb15');
INSERT INTO public.products VALUES ('dc5ec20f-40c9-4c2a-907f-5ce233a569f6', 'd90c99b4-f887-452e-b061-917da46c1aa6', 'MAAS-32', 'Pack50000', 50000.00, '2026-05-08 17:22:17.456139+04', '2026-05-08 17:22:17.456139+04', NULL, '4fb2f70e-dd13-4882-a8b1-d0909d1fbb15');
INSERT INTO public.products VALUES ('72739e34-4b0c-47af-a85e-3543c6c96f60', 'd90c99b4-f887-452e-b061-917da46c1aa6', 'MAAS-33', 'Pack75000', 75000.00, '2026-05-08 17:22:17.45656+04', '2026-05-08 17:22:17.45656+04', NULL, '4fb2f70e-dd13-4882-a8b1-d0909d1fbb15');
INSERT INTO public.products VALUES ('27869b85-0d1c-4b91-9b90-822b446b9868', 'd90c99b4-f887-452e-b061-917da46c1aa6', 'MAAS-34', 'Pack100000', 100000.00, '2026-05-08 17:22:17.456943+04', '2026-05-08 17:22:17.456943+04', NULL, '4fb2f70e-dd13-4882-a8b1-d0909d1fbb15');
INSERT INTO public.products VALUES ('4fab70fb-6a8a-4ce1-80ee-89e3cd486d53', 'd90c99b4-f887-452e-b061-917da46c1aa6', 'MAAS-36', 'Chevre sur pied', 4000.00, '2026-05-08 17:22:17.457657+04', '2026-05-08 17:22:17.457657+04', NULL, '6c8314a0-0c1f-4fde-8f36-f704757b4a66');
INSERT INTO public.products VALUES ('13e1abff-e81d-4ae7-acb8-dabd46be1e02', 'd90c99b4-f887-452e-b061-917da46c1aa6', 'MAAS-37', 'Produit divers', 0.00, '2026-05-08 17:22:17.457999+04', '2026-05-08 17:22:17.457999+04', NULL, '1b477199-3a0f-4733-950f-643122e7d406');
INSERT INTO public.products VALUES ('5ce3caba-688c-43a5-9da2-b46d98bef44e', 'e7c38f54-4c01-456b-b822-e5484ed70f48', 'MAAS-348', 'SAUCE SOJA', 700.00, '2026-05-08 17:22:17.308904+04', '2026-05-08 17:22:17.308904+04', NULL, '72d14212-7b68-4b50-adcc-7f5426c19fc2');
INSERT INTO public.products VALUES ('170c0b87-daa5-458f-9277-40a1d00e9dd2', 'e7c38f54-4c01-456b-b822-e5484ed70f48', 'MAAS-350', 'SIROP MENTHE', 2100.00, '2026-05-08 17:22:17.31048+04', '2026-05-08 17:22:17.31048+04', NULL, '72d14212-7b68-4b50-adcc-7f5426c19fc2');
INSERT INTO public.products VALUES ('d538191b-413e-4009-ba6a-5e74a1542d0e', 'e7c38f54-4c01-456b-b822-e5484ed70f48', 'MAAS-351', 'Spaghetti 250g', 300.00, '2026-05-08 17:22:17.311842+04', '2026-05-08 17:22:17.311842+04', NULL, '72d14212-7b68-4b50-adcc-7f5426c19fc2');
INSERT INTO public.products VALUES ('f471b7ac-8ebc-48f0-8d92-7f8931bc1b57', 'e7c38f54-4c01-456b-b822-e5484ed70f48', 'MAAS-352', 'Sucre Beghin say 1kg', 1250.00, '2026-05-08 17:22:17.312607+04', '2026-05-08 17:22:17.312607+04', NULL, '72d14212-7b68-4b50-adcc-7f5426c19fc2');
INSERT INTO public.products VALUES ('3f686176-725f-4ea2-a0dd-34704965ed35', 'e7c38f54-4c01-456b-b822-e5484ed70f48', 'MAAS-354', 'SUCRE VANILLE CARTON', 1000.00, '2026-05-08 17:22:17.314363+04', '2026-05-08 17:22:17.314363+04', NULL, '72d14212-7b68-4b50-adcc-7f5426c19fc2');
INSERT INTO public.products VALUES ('9d7e9b79-f943-4451-a1bd-b623b2d98d75', 'e7c38f54-4c01-456b-b822-e5484ed70f48', 'MAAS-355', 'SUNQUICK ANANAS GM', 3200.00, '2026-05-08 17:22:17.318775+04', '2026-05-08 17:22:17.318775+04', NULL, '72d14212-7b68-4b50-adcc-7f5426c19fc2');
INSERT INTO public.products VALUES ('7ee75b58-6e9c-47ae-a3f7-5590bef2078c', 'e7c38f54-4c01-456b-b822-e5484ed70f48', 'MAAS-356', 'SUNQUICK FRAISE GM', 3200.00, '2026-05-08 17:22:17.320251+04', '2026-05-08 17:22:17.320251+04', NULL, '72d14212-7b68-4b50-adcc-7f5426c19fc2');
INSERT INTO public.products VALUES ('efdfd1a8-e395-432b-8ba5-101bf0c5e45c', 'e7c38f54-4c01-456b-b822-e5484ed70f48', 'MAAS-357', 'SUNQUICK ORANGE GM', 3100.00, '2026-05-08 17:22:17.32097+04', '2026-05-08 17:22:17.32097+04', NULL, '72d14212-7b68-4b50-adcc-7f5426c19fc2');
INSERT INTO public.products VALUES ('2f512499-7fb8-41b8-94db-339c7b695c55', 'e7c38f54-4c01-456b-b822-e5484ed70f48', 'MAAS-359', 'Tomate Dieg GM', 1650.00, '2026-05-08 17:22:17.322011+04', '2026-05-08 17:22:17.322011+04', NULL, '72d14212-7b68-4b50-adcc-7f5426c19fc2');
INSERT INTO public.products VALUES ('067ec703-e913-4499-9a15-e3cd65a41f76', 'e7c38f54-4c01-456b-b822-e5484ed70f48', 'MAAS-360', 'Tomate Dieg PM', 1000.00, '2026-05-08 17:22:17.322579+04', '2026-05-08 17:22:17.322579+04', NULL, '72d14212-7b68-4b50-adcc-7f5426c19fc2');
INSERT INTO public.products VALUES ('94b5315c-a38e-4a25-9170-40f39282e274', 'e7c38f54-4c01-456b-b822-e5484ed70f48', 'MAAS-361', 'Tomate Dieg Sachet', 135.00, '2026-05-08 17:22:17.32315+04', '2026-05-08 17:22:17.32315+04', NULL, '72d14212-7b68-4b50-adcc-7f5426c19fc2');
INSERT INTO public.products VALUES ('2a2b83a8-db5a-40e3-86b7-25e744f6fca6', 'e7c38f54-4c01-456b-b822-e5484ed70f48', 'MAAS-362', 'VERMICELLE DALIA 500G', 750.00, '2026-05-08 17:22:17.32371+04', '2026-05-08 17:22:17.32371+04', NULL, '72d14212-7b68-4b50-adcc-7f5426c19fc2');
INSERT INTO public.products VALUES ('697e7e57-8d2a-485d-935b-ab5d2bd40cea', 'e7c38f54-4c01-456b-b822-e5484ed70f48', 'MAAS-364', 'VINAIGRE BLANC 1L', 450.00, '2026-05-08 17:22:17.325006+04', '2026-05-08 17:22:17.325006+04', NULL, '72d14212-7b68-4b50-adcc-7f5426c19fc2');
INSERT INTO public.products VALUES ('c477d4b1-05f2-480b-b832-93173be60a14', 'e7c38f54-4c01-456b-b822-e5484ed70f48', 'MAAS-365', 'CERELAC QUATRE FRUITS', 1150.00, '2026-05-08 17:22:17.325563+04', '2026-05-08 17:22:17.325563+04', NULL, '72d14212-7b68-4b50-adcc-7f5426c19fc2');
INSERT INTO public.products VALUES ('6be0c016-094a-4a78-8e6f-ff1ef637482d', 'e7c38f54-4c01-456b-b822-e5484ed70f48', 'MAAS-366', 'HUILE DE PALME 500ml', 850.00, '2026-05-08 17:22:17.32605+04', '2026-05-08 17:22:17.32605+04', NULL, '72d14212-7b68-4b50-adcc-7f5426c19fc2');
INSERT INTO public.products VALUES ('22d76916-d955-40b8-aa03-be2ee9b1fb48', 'e7c38f54-4c01-456b-b822-e5484ed70f48', 'MAAS-367', 'Gloria Sachet 370g', 1950.00, '2026-05-08 17:22:17.326857+04', '2026-05-08 17:22:17.326857+04', NULL, '72d14212-7b68-4b50-adcc-7f5426c19fc2');
INSERT INTO public.products VALUES ('0a41fe64-f209-4c1e-878c-1e4aae77aa6d', 'e7c38f54-4c01-456b-b822-e5484ed70f48', 'MAAS-369', 'Huile De Palme 500ml', 850.00, '2026-05-08 17:22:17.328851+04', '2026-05-08 17:22:17.328851+04', NULL, '72d14212-7b68-4b50-adcc-7f5426c19fc2');
INSERT INTO public.products VALUES ('cf7adb2f-a90f-4b25-a7a2-052bc435a6ac', 'e7c38f54-4c01-456b-b822-e5484ed70f48', 'MAAS-370', 'Huile De Palme 500ml', 850.00, '2026-05-08 17:22:17.329447+04', '2026-05-08 17:22:17.329447+04', NULL, '72d14212-7b68-4b50-adcc-7f5426c19fc2');
INSERT INTO public.products VALUES ('1054fe90-39f3-4321-be91-8c5417650089', 'e7c38f54-4c01-456b-b822-e5484ed70f48', 'MAAS-371', 'Vermicelle Dalia 500g', 750.00, '2026-05-08 17:22:17.330128+04', '2026-05-08 17:22:17.330128+04', NULL, '72d14212-7b68-4b50-adcc-7f5426c19fc2');
INSERT INTO public.products VALUES ('d576be4a-6645-43d3-a41c-27cd340d75cc', 'e7c38f54-4c01-456b-b822-e5484ed70f48', 'MAAS-372', 'Vermicelle Dalia 500g', 750.00, '2026-05-08 17:22:17.332643+04', '2026-05-08 17:22:17.332643+04', NULL, '72d14212-7b68-4b50-adcc-7f5426c19fc2');
INSERT INTO public.products VALUES ('cac3058d-2136-4128-a1f2-09a48b39cd38', 'e7c38f54-4c01-456b-b822-e5484ed70f48', 'MAAS-373', 'Fromage Lvqr Pm', 1000.00, '2026-05-08 17:22:17.336234+04', '2026-05-08 17:22:17.336234+04', NULL, '72d14212-7b68-4b50-adcc-7f5426c19fc2');
INSERT INTO public.products VALUES ('9b8d2fb6-5a19-4553-9242-743bb290a4b5', 'e7c38f54-4c01-456b-b822-e5484ed70f48', 'MAAS-375', 'Citron Liquide', 1200.00, '2026-05-08 17:22:17.339451+04', '2026-05-08 17:22:17.339451+04', NULL, '72d14212-7b68-4b50-adcc-7f5426c19fc2');
INSERT INTO public.products VALUES ('d21faeb3-a3dd-42b2-82fc-8ef12d988639', 'e7c38f54-4c01-456b-b822-e5484ed70f48', 'MAAS-376', 'Citron Liquide', 1200.00, '2026-05-08 17:22:17.340373+04', '2026-05-08 17:22:17.340373+04', NULL, '72d14212-7b68-4b50-adcc-7f5426c19fc2');
INSERT INTO public.products VALUES ('763223ef-ad6b-4f96-88c0-738bab38dca8', 'e7c38f54-4c01-456b-b822-e5484ed70f48', 'MAAS-377', 'Coucous Kayna 1kg', 1250.00, '2026-05-08 17:22:17.341001+04', '2026-05-08 17:22:17.341001+04', NULL, '72d14212-7b68-4b50-adcc-7f5426c19fc2');
INSERT INTO public.products VALUES ('2b011d90-bc0e-4611-98eb-defa7aac637f', 'e7c38f54-4c01-456b-b822-e5484ed70f48', 'MAAS-379', 'Pomme De Terre Sac', 400.00, '2026-05-08 17:22:17.342042+04', '2026-05-08 17:22:17.342042+04', NULL, '72d14212-7b68-4b50-adcc-7f5426c19fc2');
INSERT INTO public.products VALUES ('effecf48-4fbb-412c-bd77-c2a1aa9171fe', 'e7c38f54-4c01-456b-b822-e5484ed70f48', 'MAAS-380', 'Pomme De Terre Sac', 400.00, '2026-05-08 17:22:17.342626+04', '2026-05-08 17:22:17.342626+04', NULL, '72d14212-7b68-4b50-adcc-7f5426c19fc2');
INSERT INTO public.products VALUES ('1f4a0951-aeae-4311-8ae6-f5e879d8b9df', 'e7c38f54-4c01-456b-b822-e5484ed70f48', 'MAAS-382', 'Boeuf En Détail', 3700.00, '2026-05-08 17:22:17.343295+04', '2026-05-08 17:22:17.343295+04', NULL, 'f7e1d19c-62b6-4f96-a0a5-3c008a406b48');
INSERT INTO public.products VALUES ('14459425-0c3c-4950-bfed-b1a805aef133', 'e7c38f54-4c01-456b-b822-e5484ed70f48', 'MAAS-384', 'Veau En Détail', 3900.00, '2026-05-08 17:22:17.344542+04', '2026-05-08 17:22:17.344542+04', NULL, 'f7e1d19c-62b6-4f96-a0a5-3c008a406b48');
INSERT INTO public.products VALUES ('96dcf429-49b9-4c0d-94f8-b3090ade3ee1', 'e7c38f54-4c01-456b-b822-e5484ed70f48', 'MAAS-387', 'Sans Os', 4500.00, '2026-05-08 17:22:17.346283+04', '2026-05-08 17:22:17.346283+04', NULL, 'f7e1d19c-62b6-4f96-a0a5-3c008a406b48');
INSERT INTO public.products VALUES ('4887b616-eade-4f8b-a3d3-35f40648dc31', 'e7c38f54-4c01-456b-b822-e5484ed70f48', 'MAAS-388', 'Boeuf en gros', 3500.00, '2026-05-08 17:22:17.34697+04', '2026-05-08 17:22:17.34697+04', NULL, 'f7e1d19c-62b6-4f96-a0a5-3c008a406b48');
INSERT INTO public.products VALUES ('d24b5edd-4440-4006-9a01-0b4b01349c5f', 'e7c38f54-4c01-456b-b822-e5484ed70f48', 'MAAS-389', 'Boeuf en détail', 3700.00, '2026-05-08 17:22:17.347908+04', '2026-05-08 17:22:17.347908+04', NULL, 'f7e1d19c-62b6-4f96-a0a5-3c008a406b48');
INSERT INTO public.products VALUES ('2d1a603f-6bfb-47e5-968d-197589919433', 'e7c38f54-4c01-456b-b822-e5484ed70f48', 'MAAS-390', 'Poulet en détail', 3500.00, '2026-05-08 17:22:17.350327+04', '2026-05-08 17:22:17.350327+04', NULL, 'f0be9fd0-5907-4dbc-b5cd-789a886e1989');
INSERT INTO public.products VALUES ('b130a9b5-73ac-45a1-938a-1ad6c55ad6d2', 'e7c38f54-4c01-456b-b822-e5484ed70f48', 'MAAS-392', 'Veau en gros', 3700.00, '2026-05-08 17:22:17.356404+04', '2026-05-08 17:22:17.356404+04', NULL, 'f7e1d19c-62b6-4f96-a0a5-3c008a406b48');
INSERT INTO public.products VALUES ('1d739c28-55f5-4a9d-8e13-c77ba21ee377', 'd90c99b4-f887-452e-b061-917da46c1aa6', 'MAAS-39', 'Service', 1000.00, '2026-05-08 17:22:17.458853+04', '2026-05-08 17:22:17.458853+04', NULL, '1b477199-3a0f-4733-950f-643122e7d406');
INSERT INTO public.products VALUES ('e4156819-1518-4ffa-8c51-7635bf372efb', 'd90c99b4-f887-452e-b061-917da46c1aa6', 'MAAS-40', 'Boeuf en détail', 3600.00, '2026-05-08 17:22:17.459337+04', '2026-05-08 17:22:17.459337+04', NULL, 'a988a28f-dbc2-4d7d-9940-13c1a41be87d');
INSERT INTO public.products VALUES ('0d02d7dc-f6b3-41f1-8f04-58cd043d2c38', 'd90c99b4-f887-452e-b061-917da46c1aa6', 'MAAS-41', 'Boeuf en gros', 3400.00, '2026-05-08 17:22:17.460136+04', '2026-05-08 17:22:17.460136+04', NULL, 'a988a28f-dbc2-4d7d-9940-13c1a41be87d');
INSERT INTO public.products VALUES ('7f082185-7e86-4d68-a435-e238db932ea5', 'd90c99b4-f887-452e-b061-917da46c1aa6', 'MAAS-43', 'Foie', 2900.00, '2026-05-08 17:22:17.462608+04', '2026-05-08 17:22:17.462608+04', NULL, '1b477199-3a0f-4733-950f-643122e7d406');
INSERT INTO public.products VALUES ('5446648a-ade6-43b7-aa97-968add19f1e9', 'd90c99b4-f887-452e-b061-917da46c1aa6', 'MAAS-44', 'Yell', 1900.00, '2026-05-08 17:22:17.463237+04', '2026-05-08 17:22:17.463237+04', NULL, '1b477199-3a0f-4733-950f-643122e7d406');
INSERT INTO public.products VALUES ('7975bed9-f4ff-4b65-89de-f3bd1c345273', 'd90c99b4-f887-452e-b061-917da46c1aa6', 'MAAS-45', 'Jarret', 250.00, '2026-05-08 17:22:17.465298+04', '2026-05-08 17:22:17.465298+04', NULL, 'a988a28f-dbc2-4d7d-9940-13c1a41be87d');
INSERT INTO public.products VALUES ('82c4cced-202c-4c23-a7a5-c2d009ac8a0f', 'd90c99b4-f887-452e-b061-917da46c1aa6', 'MAAS-46', 'Abats', 950.00, '2026-05-08 17:22:17.46867+04', '2026-05-08 17:22:17.46867+04', NULL, 'a988a28f-dbc2-4d7d-9940-13c1a41be87d');
INSERT INTO public.products VALUES ('53d388a9-7e76-409e-9d3e-ce35d0717a20', 'd90c99b4-f887-452e-b061-917da46c1aa6', 'MAAS-48', 'Filet', 4900.00, '2026-05-08 17:22:17.469869+04', '2026-05-08 17:22:17.469869+04', NULL, '1b477199-3a0f-4733-950f-643122e7d406');
INSERT INTO public.products VALUES ('58739da2-650e-4e0c-94fe-ad0019d87bd4', 'd90c99b4-f887-452e-b061-917da46c1aa6', 'MAAS-49', 'Sans Os', 4400.00, '2026-05-08 17:22:17.470297+04', '2026-05-08 17:22:17.470297+04', NULL, 'a988a28f-dbc2-4d7d-9940-13c1a41be87d');
INSERT INTO public.products VALUES ('890c4813-c03c-4051-b16d-38e0ad8b76f2', 'd90c99b4-f887-452e-b061-917da46c1aa6', 'MAAS-50', 'Veau en détail', 3800.00, '2026-05-08 17:22:17.470693+04', '2026-05-08 17:22:17.470693+04', NULL, 'a988a28f-dbc2-4d7d-9940-13c1a41be87d');
INSERT INTO public.products VALUES ('a3a8a4b2-bced-4840-86fc-a9e0ad717ce4', 'd90c99b4-f887-452e-b061-917da46c1aa6', 'MAAS-52', 'Veau sur pied', 0.00, '2026-05-08 17:22:17.471414+04', '2026-05-08 17:22:17.471414+04', NULL, 'a988a28f-dbc2-4d7d-9940-13c1a41be87d');
INSERT INTO public.products VALUES ('987d3298-cbae-4adb-87ee-517575f81bce', 'd90c99b4-f887-452e-b061-917da46c1aa6', 'MAAS-53', 'Merguez', 4400.00, '2026-05-08 17:22:17.471823+04', '2026-05-08 17:22:17.471823+04', NULL, 'a988a28f-dbc2-4d7d-9940-13c1a41be87d');
INSERT INTO public.products VALUES ('3240857d-68f4-40ce-8b52-26bdf801f94e', 'd90c99b4-f887-452e-b061-917da46c1aa6', 'MAAS-54', 'Boeuf sur pied', 0.00, '2026-05-08 17:22:17.47238+04', '2026-05-08 17:22:17.47238+04', NULL, 'a988a28f-dbc2-4d7d-9940-13c1a41be87d');
INSERT INTO public.products VALUES ('2a41d4d9-2242-4690-aaf6-014a88edaf5a', 'd90c99b4-f887-452e-b061-917da46c1aa6', 'MAAS-56', 'Coeur', 1950.00, '2026-05-08 17:22:17.473667+04', '2026-05-08 17:22:17.473667+04', NULL, 'a988a28f-dbc2-4d7d-9940-13c1a41be87d');
INSERT INTO public.products VALUES ('d14f1dbd-bca5-4b63-b9c5-5b4c6eb0943b', 'd90c99b4-f887-452e-b061-917da46c1aa6', 'MAAS-57', 'Viande hachée', 4900.00, '2026-05-08 17:22:17.474111+04', '2026-05-08 17:22:17.474111+04', NULL, 'a988a28f-dbc2-4d7d-9940-13c1a41be87d');
INSERT INTO public.products VALUES ('8f09986a-c25e-4199-aba8-0acf7ac4214b', 'd90c99b4-f887-452e-b061-917da46c1aa6', 'MAAS-58', 'Peaux', 5900.00, '2026-05-08 17:22:17.474681+04', '2026-05-08 17:22:17.474681+04', NULL, 'a988a28f-dbc2-4d7d-9940-13c1a41be87d');
INSERT INTO public.products VALUES ('17a4483c-93f0-4a72-8e16-89c6d51afd2c', 'd90c99b4-f887-452e-b061-917da46c1aa6', 'MAAS-59', 'Agneau', 4400.00, '2026-05-08 17:22:17.475059+04', '2026-05-08 17:22:17.475059+04', NULL, '61d9a138-3c1a-4ad3-b155-d87125bdae37');
INSERT INTO public.products VALUES ('2ec1e2eb-7775-4d58-ad59-938dd52b5b5a', 'd90c99b4-f887-452e-b061-917da46c1aa6', 'MAAS-61', 'Mouton sur pied', 0.00, '2026-05-08 17:22:17.4761+04', '2026-05-08 17:22:17.4761+04', NULL, '61d9a138-3c1a-4ad3-b155-d87125bdae37');
INSERT INTO public.products VALUES ('1c71b524-7f8f-4609-b26d-49707d23b6b0', 'd90c99b4-f887-452e-b061-917da46c1aa6', 'MAAS-62', 'Poulet en détail', 3300.00, '2026-05-08 17:22:17.476677+04', '2026-05-08 17:22:17.476677+04', NULL, 'e3f96248-af6c-4cc9-bf77-1b81fe899c7e');
INSERT INTO public.products VALUES ('7a55d315-5602-4cbf-ac6c-bae14a76fcb3', 'd90c99b4-f887-452e-b061-917da46c1aa6', 'MAAS-63', 'Poulet en gros', 2800.00, '2026-05-08 17:22:17.477668+04', '2026-05-08 17:22:17.477668+04', NULL, 'e3f96248-af6c-4cc9-bf77-1b81fe899c7e');
INSERT INTO public.products VALUES ('8d145593-00c2-4c93-801f-6de16a0b370e', 'd90c99b4-f887-452e-b061-917da46c1aa6', 'MAAS-64', 'Oeuf', 2700.00, '2026-05-08 17:22:17.478619+04', '2026-05-08 17:22:17.478619+04', NULL, 'e3f96248-af6c-4cc9-bf77-1b81fe899c7e');
INSERT INTO public.products VALUES ('06f46424-fb88-4b88-9b76-9e93ba243e64', 'd90c99b4-f887-452e-b061-917da46c1aa6', 'MAAS-66', 'Pilon', 3400.00, '2026-05-08 17:22:17.480043+04', '2026-05-08 17:22:17.480043+04', NULL, 'e3f96248-af6c-4cc9-bf77-1b81fe899c7e');
INSERT INTO public.products VALUES ('60a98aeb-2248-47c7-a477-071cab97acf4', 'd90c99b4-f887-452e-b061-917da46c1aa6', 'MAAS-67', 'Merguez poulet', 5400.00, '2026-05-08 17:22:17.482506+04', '2026-05-08 17:22:17.482506+04', NULL, 'a988a28f-dbc2-4d7d-9940-13c1a41be87d');
INSERT INTO public.products VALUES ('ee910d8d-e701-4ef5-99d7-60d1eeb334bb', 'd90c99b4-f887-452e-b061-917da46c1aa6', 'MAAS-68', 'Pack25000', 24500.00, '2026-05-08 17:22:17.485413+04', '2026-05-08 17:22:17.485413+04', NULL, '4fb2f70e-dd13-4882-a8b1-d0909d1fbb15');
INSERT INTO public.products VALUES ('cb327c40-d5c6-402c-b763-ce23162a649e', 'd90c99b4-f887-452e-b061-917da46c1aa6', 'MAAS-69', 'Pack30000', 29500.00, '2026-05-08 17:22:17.486086+04', '2026-05-08 17:22:17.486086+04', NULL, '4fb2f70e-dd13-4882-a8b1-d0909d1fbb15');
INSERT INTO public.products VALUES ('b31ea185-c06d-4011-8b9d-bdaba6d567f6', 'd90c99b4-f887-452e-b061-917da46c1aa6', 'MAAS-71', 'Pack50000', 49000.00, '2026-05-08 17:22:17.486944+04', '2026-05-08 17:22:17.486944+04', NULL, '4fb2f70e-dd13-4882-a8b1-d0909d1fbb15');
INSERT INTO public.products VALUES ('5ba95a85-08e0-4098-a764-35bef87b8000', 'd90c99b4-f887-452e-b061-917da46c1aa6', 'MAAS-72', 'Pack75000', 73500.00, '2026-05-08 17:22:17.487358+04', '2026-05-08 17:22:17.487358+04', NULL, '4fb2f70e-dd13-4882-a8b1-d0909d1fbb15');
INSERT INTO public.products VALUES ('a9b60106-3d72-4a36-8809-43ba75042a63', 'd90c99b4-f887-452e-b061-917da46c1aa6', 'MAAS-73', 'Pack100000', 98000.00, '2026-05-08 17:22:17.487729+04', '2026-05-08 17:22:17.487729+04', NULL, '4fb2f70e-dd13-4882-a8b1-d0909d1fbb15');
INSERT INTO public.products VALUES ('cf514cd2-0562-42a1-8c03-83d42fcd6195', 'd90c99b4-f887-452e-b061-917da46c1aa6', 'MAAS-75', 'Chevre sur pied', 3900.00, '2026-05-08 17:22:17.488491+04', '2026-05-08 17:22:17.488491+04', NULL, '6c8314a0-0c1f-4fde-8f36-f704757b4a66');
INSERT INTO public.products VALUES ('00d3a31d-2ebc-4fd3-84e0-630fd9cc9ee9', 'd90c99b4-f887-452e-b061-917da46c1aa6', 'MAAS-76', 'Produit divers', 0.00, '2026-05-08 17:22:17.488847+04', '2026-05-08 17:22:17.488847+04', NULL, '1b477199-3a0f-4733-950f-643122e7d406');
INSERT INTO public.products VALUES ('02b225e7-540f-4648-bf9a-80f7060a8b68', 'd90c99b4-f887-452e-b061-917da46c1aa6', 'MAAS-77', 'Autre viande', 2900.00, '2026-05-08 17:22:17.48927+04', '2026-05-08 17:22:17.48927+04', NULL, '1b477199-3a0f-4733-950f-643122e7d406');
INSERT INTO public.products VALUES ('11547127-27c3-455d-9ddb-9e6745790f16', 'd90c99b4-f887-452e-b061-917da46c1aa6', 'MAAS-78', 'Service', 1000.00, '2026-05-08 17:22:17.489905+04', '2026-05-08 17:22:17.489905+04', NULL, '1b477199-3a0f-4733-950f-643122e7d406');
INSERT INTO public.products VALUES ('f1d1bde4-a982-4ae3-80b7-a4366bb5138c', 'd90c99b4-f887-452e-b061-917da46c1aa6', 'MAAS-80', 'Veau', 3900.00, '2026-05-08 17:22:17.490729+04', '2026-05-08 17:22:17.490729+04', NULL, 'a988a28f-dbc2-4d7d-9940-13c1a41be87d');
INSERT INTO public.products VALUES ('c85b7492-bcf8-46aa-bc86-dd8a6146888c', 'd90c99b4-f887-452e-b061-917da46c1aa6', 'MAAS-81', 'Poulet', 3500.00, '2026-05-08 17:22:17.491378+04', '2026-05-08 17:22:17.491378+04', NULL, 'e3f96248-af6c-4cc9-bf77-1b81fe899c7e');
INSERT INTO public.products VALUES ('3d8d5c7f-0c19-4472-b3bf-07df9e446ca2', 'd90c99b4-f887-452e-b061-917da46c1aa6', 'MAAS-82', 'Tete De Mouton', 1000.00, '2026-05-08 17:22:17.491884+04', '2026-05-08 17:22:17.491884+04', NULL, '61d9a138-3c1a-4ad3-b155-d87125bdae37');
INSERT INTO public.products VALUES ('545324b7-8de8-466f-9bce-bef27e9f49b0', 'd90c99b4-f887-452e-b061-917da46c1aa6', 'MAAS-83', 'Tablette', 2800.00, '2026-05-08 17:22:17.492337+04', '2026-05-08 17:22:17.492337+04', NULL, '1b477199-3a0f-4733-950f-643122e7d406');
INSERT INTO public.products VALUES ('92409a05-6f2a-45f1-9ba1-05a4a971ce46', 'd90c99b4-f887-452e-b061-917da46c1aa6', 'MAAS-85', 'Yell', 2500.00, '2026-05-08 17:22:17.493367+04', '2026-05-08 17:22:17.493367+04', NULL, '1b477199-3a0f-4733-950f-643122e7d406');
INSERT INTO public.products VALUES ('70243ea2-c9be-4252-a9ee-485d74ead646', 'd90c99b4-f887-452e-b061-917da46c1aa6', 'MAAS-86', 'Agneau', 4500.00, '2026-05-08 17:22:17.494257+04', '2026-05-08 17:22:17.494257+04', NULL, '61d9a138-3c1a-4ad3-b155-d87125bdae37');
INSERT INTO public.products VALUES ('9be9e4a1-40af-4698-86ca-f26bebf3de50', 'd90c99b4-f887-452e-b061-917da46c1aa6', 'MAAS-87', 'Déchet 400', 400.00, '2026-05-08 17:22:17.495147+04', '2026-05-08 17:22:17.495147+04', NULL, 'a988a28f-dbc2-4d7d-9940-13c1a41be87d');
INSERT INTO public.products VALUES ('f829ded7-8a03-44df-8cbc-1f25996bc409', 'd90c99b4-f887-452e-b061-917da46c1aa6', 'MAAS-89', 'Mergez', 5000.00, '2026-05-08 17:22:17.496357+04', '2026-05-08 17:22:17.496357+04', NULL, '1b477199-3a0f-4733-950f-643122e7d406');
INSERT INTO public.products VALUES ('e80977e4-c46c-4b5c-91de-2dc311d18cc8', 'd90c99b4-f887-452e-b061-917da46c1aa6', 'MAAS-90', 'Déchet 2000', 2000.00, '2026-05-08 17:22:17.497654+04', '2026-05-08 17:22:17.497654+04', NULL, 'a988a28f-dbc2-4d7d-9940-13c1a41be87d');
INSERT INTO public.products VALUES ('de3c3dc9-77d0-49da-b8f9-95c67a8d2153', 'd90c99b4-f887-452e-b061-917da46c1aa6', 'MAAS-91', 'Abats', 1000.00, '2026-05-08 17:22:17.501394+04', '2026-05-08 17:22:17.501394+04', NULL, 'a988a28f-dbc2-4d7d-9940-13c1a41be87d');
INSERT INTO public.products VALUES ('86d1f811-95fd-41e9-8f63-bb73998f5feb', 'd90c99b4-f887-452e-b061-917da46c1aa6', 'MAAS-94', 'Mouton sur pieds', 0.00, '2026-05-08 17:22:17.502992+04', '2026-05-08 17:22:17.502992+04', NULL, '61d9a138-3c1a-4ad3-b155-d87125bdae37');
INSERT INTO public.products VALUES ('652bf158-7e2f-4f24-9133-d4da2772a589', 'd90c99b4-f887-452e-b061-917da46c1aa6', 'MAAS-95', 'Chevre sur pieds', 0.00, '2026-05-08 17:22:17.50338+04', '2026-05-08 17:22:17.50338+04', NULL, '6c8314a0-0c1f-4fde-8f36-f704757b4a66');
INSERT INTO public.products VALUES ('33c0eb77-51cf-4bd6-9cf8-e490a043aa92', 'd90c99b4-f887-452e-b061-917da46c1aa6', 'MAAS-96', 'Faux filet', 5000.00, '2026-05-08 17:22:17.503749+04', '2026-05-08 17:22:17.503749+04', NULL, 'a988a28f-dbc2-4d7d-9940-13c1a41be87d');
INSERT INTO public.products VALUES ('c4cf0fc4-48ec-4b87-bd7f-b96b504e5632', 'd90c99b4-f887-452e-b061-917da46c1aa6', 'MAAS-98', 'Dorade', 5000.00, '2026-05-08 17:22:17.504108+04', '2026-05-08 17:22:17.504108+04', NULL, '1b477199-3a0f-4733-950f-643122e7d406');
INSERT INTO public.products VALUES ('fe82da58-1942-4d15-9b0d-69b9118e391e', 'd90c99b4-f887-452e-b061-917da46c1aa6', 'MAAS-99', 'TEST', 0.00, '2026-05-08 17:22:17.504518+04', '2026-05-08 17:22:17.504518+04', NULL, '1b477199-3a0f-4733-950f-643122e7d406');
INSERT INTO public.products VALUES ('a48da4f4-e7a2-4f10-a936-1d4075ab4985', 'd90c99b4-f887-452e-b061-917da46c1aa6', 'MAAS-102', 'Petit pois', 1000.00, '2026-05-08 17:22:17.505212+04', '2026-05-08 17:22:17.505212+04', NULL, '1b477199-3a0f-4733-950f-643122e7d406');
INSERT INTO public.products VALUES ('117ab6d8-10df-4343-bae3-1e4f2d4a8f67', 'd90c99b4-f887-452e-b061-917da46c1aa6', 'MAAS-217', 'Viande Hachée', 5000.00, '2026-05-08 17:22:17.505556+04', '2026-05-08 17:22:17.505556+04', NULL, 'a988a28f-dbc2-4d7d-9940-13c1a41be87d');
INSERT INTO public.products VALUES ('bf71ace1-8e90-4a22-a778-17aef894899f', 'd90c99b4-f887-452e-b061-917da46c1aa6', 'MAAS-219', 'Ail', 1750.00, '2026-05-08 17:22:17.505898+04', '2026-05-08 17:22:17.505898+04', NULL, '1b477199-3a0f-4733-950f-643122e7d406');
INSERT INTO public.products VALUES ('eb771fe3-131f-43fd-9b8a-c49e96dd71df', 'd90c99b4-f887-452e-b061-917da46c1aa6', 'MAAS-221', 'ARICOTS BLANC PM', 1050.00, '2026-05-08 17:22:17.506876+04', '2026-05-08 17:22:17.506876+04', NULL, '1b477199-3a0f-4733-950f-643122e7d406');
INSERT INTO public.products VALUES ('f8e572f3-89fa-42ae-a87e-a2a76e7af116', 'd90c99b4-f887-452e-b061-917da46c1aa6', 'MAAS-222', 'AROME MAGGI PM', 800.00, '2026-05-08 17:22:17.507376+04', '2026-05-08 17:22:17.507376+04', NULL, '1b477199-3a0f-4733-950f-643122e7d406');
INSERT INTO public.products VALUES ('c94a7b28-0f4c-45e5-b1ec-1a8f0e5c5bd0', 'd90c99b4-f887-452e-b061-917da46c1aa6', 'MAAS-223', 'BRIDEL 50 Cl', 1000.00, '2026-05-08 17:22:17.507824+04', '2026-05-08 17:22:17.507824+04', NULL, '1b477199-3a0f-4733-950f-643122e7d406');
INSERT INTO public.products VALUES ('b86c2f0f-9f39-4fe5-b3f6-c60b2452977f', 'd90c99b4-f887-452e-b061-917da46c1aa6', 'MAAS-225', 'Choco pain 500g', 1275.00, '2026-05-08 17:22:17.508991+04', '2026-05-08 17:22:17.508991+04', NULL, '1b477199-3a0f-4733-950f-643122e7d406');
INSERT INTO public.products VALUES ('b402ba19-eee4-4174-84a6-e990a2cae5ed', 'd90c99b4-f887-452e-b061-917da46c1aa6', 'MAAS-226', 'CITRON LIQUIDE', 1200.00, '2026-05-08 17:22:17.50957+04', '2026-05-08 17:22:17.50957+04', NULL, '1b477199-3a0f-4733-950f-643122e7d406');
INSERT INTO public.products VALUES ('7fd90e6c-7c97-42d5-8638-eb4ae7ccd2c4', 'd90c99b4-f887-452e-b061-917da46c1aa6', 'MAAS-227', 'CORNE BOEUF GM', 650.00, '2026-05-08 17:22:17.510574+04', '2026-05-08 17:22:17.510574+04', NULL, 'a988a28f-dbc2-4d7d-9940-13c1a41be87d');
INSERT INTO public.products VALUES ('544a465d-cb76-41c7-9082-a44186a0ef06', 'd90c99b4-f887-452e-b061-917da46c1aa6', 'MAAS-228', 'Cornichon verre 370G', 850.00, '2026-05-08 17:22:17.511613+04', '2026-05-08 17:22:17.511613+04', NULL, '1b477199-3a0f-4733-950f-643122e7d406');
INSERT INTO public.products VALUES ('f2e88206-3360-46d9-af56-611733ae05ac', 'd90c99b4-f887-452e-b061-917da46c1aa6', 'MAAS-230', 'COUSCOUS KAYNA 500G', 700.00, '2026-05-08 17:22:17.512897+04', '2026-05-08 17:22:17.512897+04', NULL, '1b477199-3a0f-4733-950f-643122e7d406');
INSERT INTO public.products VALUES ('7ff18698-9d17-4e12-8324-5ca51a5909ba', 'd90c99b4-f887-452e-b061-917da46c1aa6', 'MAAS-231', 'DATTE 250g', 500.00, '2026-05-08 17:22:17.514867+04', '2026-05-08 17:22:17.514867+04', NULL, '1b477199-3a0f-4733-950f-643122e7d406');
INSERT INTO public.products VALUES ('29e0b788-d710-4a5a-a77f-14a0f025339b', 'd90c99b4-f887-452e-b061-917da46c1aa6', 'MAAS-232', 'DATTE 500g', 950.00, '2026-05-08 17:22:17.518673+04', '2026-05-08 17:22:17.518673+04', NULL, '1b477199-3a0f-4733-950f-643122e7d406');
INSERT INTO public.products VALUES ('937017cd-5e84-4005-8461-f730f5ac3e70', 'd90c99b4-f887-452e-b061-917da46c1aa6', 'MAAS-235', 'Gloria GM POT', 1350.00, '2026-05-08 17:22:17.520236+04', '2026-05-08 17:22:17.520236+04', NULL, '1b477199-3a0f-4733-950f-643122e7d406');
INSERT INTO public.products VALUES ('a668d28c-e91e-4511-9190-19c404e8a25f', 'd90c99b4-f887-452e-b061-917da46c1aa6', 'MAAS-236', 'Gloria PM POT', 600.00, '2026-05-08 17:22:17.520597+04', '2026-05-08 17:22:17.520597+04', NULL, '1b477199-3a0f-4733-950f-643122e7d406');
INSERT INTO public.products VALUES ('1041801d-e6cb-4c13-a733-5e42fee7a5d7', 'd90c99b4-f887-452e-b061-917da46c1aa6', 'MAAS-237', 'Gloria sachet 15g', 100.00, '2026-05-08 17:22:17.520965+04', '2026-05-08 17:22:17.520965+04', NULL, '1b477199-3a0f-4733-950f-643122e7d406');
INSERT INTO public.products VALUES ('952479a8-2dc5-4d16-8c8a-490b38d53784', 'd90c99b4-f887-452e-b061-917da46c1aa6', 'MAAS-239', 'Huile NINNAL 1L', 1400.00, '2026-05-08 17:22:17.521656+04', '2026-05-08 17:22:17.521656+04', NULL, '1b477199-3a0f-4733-950f-643122e7d406');
INSERT INTO public.products VALUES ('01fb6085-ce15-4dab-9f93-7285d6b65a35', 'd90c99b4-f887-452e-b061-917da46c1aa6', 'MAAS-240', 'JADIDA 500g', 1150.00, '2026-05-08 17:22:17.522053+04', '2026-05-08 17:22:17.522053+04', NULL, '1b477199-3a0f-4733-950f-643122e7d406');
INSERT INTO public.products VALUES ('ecca45dd-3bd3-4228-9809-b1d1252ea86c', 'd90c99b4-f887-452e-b061-917da46c1aa6', 'MAAS-241', 'JAVEL MADAR 1L', 475.00, '2026-05-08 17:22:17.522559+04', '2026-05-08 17:22:17.522559+04', NULL, '1b477199-3a0f-4733-950f-643122e7d406');
INSERT INTO public.products VALUES ('d6a65cc9-d7bc-4de8-898b-f2b9ee9d5642', 'd90c99b4-f887-452e-b061-917da46c1aa6', 'MAAS-242', 'JUMBO', 1400.00, '2026-05-08 17:22:17.523145+04', '2026-05-08 17:22:17.523145+04', NULL, '1b477199-3a0f-4733-950f-643122e7d406');
INSERT INTO public.products VALUES ('a56e9dfd-4715-4465-93e4-c3fde9c4ca54', 'd90c99b4-f887-452e-b061-917da46c1aa6', 'MAAS-243', 'LAIT ELDORADO', 350.00, '2026-05-08 17:22:17.523764+04', '2026-05-08 17:22:17.523764+04', NULL, '1b477199-3a0f-4733-950f-643122e7d406');
INSERT INTO public.products VALUES ('2015ddae-79e7-4bc8-b53b-34109312a2c8', 'd90c99b4-f887-452e-b061-917da46c1aa6', 'MAAS-245', 'MACEDOINE AVRIL PM', 1150.00, '2026-05-08 17:22:17.524864+04', '2026-05-08 17:22:17.524864+04', NULL, '1b477199-3a0f-4733-950f-643122e7d406');
INSERT INTO public.products VALUES ('e389995f-12df-4a89-a432-823533d979a2', 'd90c99b4-f887-452e-b061-917da46c1aa6', 'MAAS-246', 'MADAR 100F', 100.00, '2026-05-08 17:22:17.525327+04', '2026-05-08 17:22:17.525327+04', NULL, '1b477199-3a0f-4733-950f-643122e7d406');
INSERT INTO public.products VALUES ('298c3d40-a981-47be-8da4-c49722e39ddc', 'd90c99b4-f887-452e-b061-917da46c1aa6', 'MAAS-247', 'MADAR RMZO 1L', 900.00, '2026-05-08 17:22:17.525729+04', '2026-05-08 17:22:17.525729+04', NULL, '1b477199-3a0f-4733-950f-643122e7d406');
INSERT INTO public.products VALUES ('d5195486-9fe3-4b2e-8189-6ee8f3ebdd10', 'd90c99b4-f887-452e-b061-917da46c1aa6', 'MAAS-249', 'MAGGI MAMEUN EPICES', 75.00, '2026-05-08 17:22:17.526711+04', '2026-05-08 17:22:17.526711+04', NULL, '1b477199-3a0f-4733-950f-643122e7d406');
INSERT INTO public.products VALUES ('ca60972c-f34e-40d9-bb2a-1f3419bbbe1f', 'd90c99b4-f887-452e-b061-917da46c1aa6', 'MAAS-250', 'MAGGI TABLETTE AROME', 1650.00, '2026-05-08 17:22:17.527633+04', '2026-05-08 17:22:17.527633+04', NULL, '1b477199-3a0f-4733-950f-643122e7d406');
INSERT INTO public.products VALUES ('7e29399d-c60a-4599-985c-ad03b36cb38e', 'd90c99b4-f887-452e-b061-917da46c1aa6', 'MAAS-251', 'Mais doux', 550.00, '2026-05-08 17:22:17.528479+04', '2026-05-08 17:22:17.528479+04', NULL, '1b477199-3a0f-4733-950f-643122e7d406');
INSERT INTO public.products VALUES ('f466859c-3af0-4326-b102-8a6e7a27f161', 'd90c99b4-f887-452e-b061-917da46c1aa6', 'MAAS-252', 'MOUTARDINE BAMA 500g', 1800.00, '2026-05-08 17:22:17.529105+04', '2026-05-08 17:22:17.529105+04', NULL, '1b477199-3a0f-4733-950f-643122e7d406');
INSERT INTO public.products VALUES ('ad6823f6-e350-4a9e-bee7-58ceea060547', 'd90c99b4-f887-452e-b061-917da46c1aa6', 'MAAS-254', 'Nescafe POT 200G', 5000.00, '2026-05-08 17:22:17.534374+04', '2026-05-08 17:22:17.534374+04', NULL, '1b477199-3a0f-4733-950f-643122e7d406');
INSERT INTO public.products VALUES ('381a889f-d5b3-4ec3-a643-91d892bcc2f9', 'd90c99b4-f887-452e-b061-917da46c1aa6', 'MAAS-255', 'Nescafe POT 100G', 2850.00, '2026-05-08 17:22:17.536232+04', '2026-05-08 17:22:17.536232+04', NULL, '1b477199-3a0f-4733-950f-643122e7d406');
INSERT INTO public.products VALUES ('22b55063-e198-423e-be9b-6ef5386a7de6', 'd90c99b4-f887-452e-b061-917da46c1aa6', 'MAAS-256', 'Nescafe POT 50G', 1400.00, '2026-05-08 17:22:17.537096+04', '2026-05-08 17:22:17.537096+04', NULL, '1b477199-3a0f-4733-950f-643122e7d406');
INSERT INTO public.products VALUES ('23d09acc-3e70-4b45-90a5-a32ffce9588c', 'd90c99b4-f887-452e-b061-917da46c1aa6', 'MAAS-258', 'OIGNON BLANC', 650.00, '2026-05-08 17:22:17.538447+04', '2026-05-08 17:22:17.538447+04', NULL, '1b477199-3a0f-4733-950f-643122e7d406');
INSERT INTO public.products VALUES ('f8ea0974-0034-4b8e-9f8b-60f0bcdfeb95', 'd90c99b4-f887-452e-b061-917da46c1aa6', 'MAAS-259', 'OIGNON SAC', 520.00, '2026-05-08 17:22:17.539202+04', '2026-05-08 17:22:17.539202+04', NULL, '1b477199-3a0f-4733-950f-643122e7d406');
INSERT INTO public.products VALUES ('91b2e26b-20a0-4b54-8ef9-a04e3c445dfd', 'd90c99b4-f887-452e-b061-917da46c1aa6', 'MAAS-260', 'OLIVES', 850.00, '2026-05-08 17:22:17.539706+04', '2026-05-08 17:22:17.539706+04', NULL, '1b477199-3a0f-4733-950f-643122e7d406');
INSERT INTO public.products VALUES ('d5c55050-f8c3-46d6-baab-1a9da7b4d06d', 'd90c99b4-f887-452e-b061-917da46c1aa6', 'MAAS-261', 'PETIS POIS EN VRAC', 1000.00, '2026-05-08 17:22:17.540167+04', '2026-05-08 17:22:17.540167+04', NULL, '1b477199-3a0f-4733-950f-643122e7d406');
INSERT INTO public.products VALUES ('aa3e0591-62d1-4fca-be5f-6954db00b90d', 'd90c99b4-f887-452e-b061-917da46c1aa6', 'MAAS-263', 'PETIT POIS ORDINAIRE GM', 850.00, '2026-05-08 17:22:17.541059+04', '2026-05-08 17:22:17.541059+04', NULL, '1b477199-3a0f-4733-950f-643122e7d406');
INSERT INTO public.products VALUES ('d72ccb50-306c-4dfb-bde7-944b6d8b5b07', 'd90c99b4-f887-452e-b061-917da46c1aa6', 'MAAS-264', 'PINTHON PM', 1400.00, '2026-05-08 17:22:17.541501+04', '2026-05-08 17:22:17.541501+04', NULL, '1b477199-3a0f-4733-950f-643122e7d406');
INSERT INTO public.products VALUES ('03ba0fab-24a4-4fe4-98e8-5a8dac4d7c9f', 'd90c99b4-f887-452e-b061-917da46c1aa6', 'MAAS-265', 'POMME DE TERRE SAC', 400.00, '2026-05-08 17:22:17.541974+04', '2026-05-08 17:22:17.541974+04', NULL, '1b477199-3a0f-4733-950f-643122e7d406');
INSERT INTO public.products VALUES ('aa215489-1d99-4ba3-b2da-1248a338243f', 'd90c99b4-f887-452e-b061-917da46c1aa6', 'MAAS-266', 'RIZ 5kg', 750.00, '2026-05-08 17:22:17.542428+04', '2026-05-08 17:22:17.542428+04', NULL, '1b477199-3a0f-4733-950f-643122e7d406');
INSERT INTO public.products VALUES ('5e1e1989-6f5d-4a3b-a30c-5e72513f2589', 'd90c99b4-f887-452e-b061-917da46c1aa6', 'MAAS-268', 'RIZ ENTIER TEERAL 25KG', 10550.00, '2026-05-08 17:22:17.543859+04', '2026-05-08 17:22:17.543859+04', NULL, '1b477199-3a0f-4733-950f-643122e7d406');
INSERT INTO public.products VALUES ('4bfe4368-e78f-4dd0-ae8b-98dcb3854ae5', 'd90c99b4-f887-452e-b061-917da46c1aa6', 'MAAS-269', 'RIZ PRESTIGE 1KG', 420.00, '2026-05-08 17:22:17.544941+04', '2026-05-08 17:22:17.544941+04', NULL, '1b477199-3a0f-4733-950f-643122e7d406');
INSERT INTO public.products VALUES ('55fc9378-2716-4f89-b270-04a3ee4bedeb', 'd90c99b4-f887-452e-b061-917da46c1aa6', 'MAAS-270', 'RIZ PRESTIGE 25KG', 11800.00, '2026-05-08 17:22:17.545645+04', '2026-05-08 17:22:17.545645+04', NULL, '1b477199-3a0f-4733-950f-643122e7d406');
INSERT INTO public.products VALUES ('284e569c-3521-41c1-94df-67a8e401396a', 'd90c99b4-f887-452e-b061-917da46c1aa6', 'MAAS-271', 'RIZ UMBRELLA 1KG', 460.00, '2026-05-08 17:22:17.546221+04', '2026-05-08 17:22:17.546221+04', NULL, '1b477199-3a0f-4733-950f-643122e7d406');
INSERT INTO public.products VALUES ('66104d78-2c04-4df3-ab36-b3bf567263f7', 'd90c99b4-f887-452e-b061-917da46c1aa6', 'MAAS-273', 'SARDINE', 400.00, '2026-05-08 17:22:17.551545+04', '2026-05-08 17:22:17.551545+04', NULL, '2d90e73b-dbdb-4a81-bd7a-43daac7c3b48');
INSERT INTO public.products VALUES ('a5f2653c-5814-41be-8cb3-65004131bb3a', 'd90c99b4-f887-452e-b061-917da46c1aa6', 'MAAS-274', 'SAUCE SOJA', 700.00, '2026-05-08 17:22:17.552333+04', '2026-05-08 17:22:17.552333+04', NULL, '1b477199-3a0f-4733-950f-643122e7d406');
INSERT INTO public.products VALUES ('9f2ecfce-3f4a-4549-bb7e-3062cc9b95c7', 'd90c99b4-f887-452e-b061-917da46c1aa6', 'MAAS-275', 'SEL', 100.00, '2026-05-08 17:22:17.552767+04', '2026-05-08 17:22:17.552767+04', NULL, '1b477199-3a0f-4733-950f-643122e7d406');
INSERT INTO public.products VALUES ('e756482c-4ac3-4f73-875c-fd60f876db33', 'd90c99b4-f887-452e-b061-917da46c1aa6', 'MAAS-276', 'SIROP MENTHE', 2100.00, '2026-05-08 17:22:17.55313+04', '2026-05-08 17:22:17.55313+04', NULL, '1b477199-3a0f-4733-950f-643122e7d406');
INSERT INTO public.products VALUES ('c645052a-1ae4-4b4f-8394-b7917381e975', 'd90c99b4-f887-452e-b061-917da46c1aa6', 'MAAS-277', 'Spaghetti 250g', 300.00, '2026-05-08 17:22:17.553493+04', '2026-05-08 17:22:17.553493+04', NULL, '1b477199-3a0f-4733-950f-643122e7d406');
INSERT INTO public.products VALUES ('047c45b5-de64-4bc0-b842-d431de7f875d', 'd90c99b4-f887-452e-b061-917da46c1aa6', 'MAAS-279', 'Sucre en poudre j''adore 1kg', 750.00, '2026-05-08 17:22:17.554542+04', '2026-05-08 17:22:17.554542+04', NULL, '1b477199-3a0f-4733-950f-643122e7d406');
INSERT INTO public.products VALUES ('2c6e0ada-31ec-4111-bb36-698c17e1305b', 'd90c99b4-f887-452e-b061-917da46c1aa6', 'MAAS-280', 'SUCRE VANILLE CARTON', 1000.00, '2026-05-08 17:22:17.554982+04', '2026-05-08 17:22:17.554982+04', NULL, '1b477199-3a0f-4733-950f-643122e7d406');
INSERT INTO public.products VALUES ('1e9f6629-4cf3-40fb-9f57-c056b3711e16', 'd90c99b4-f887-452e-b061-917da46c1aa6', 'MAAS-281', 'SUNQUICK ANANAS GM', 3200.00, '2026-05-08 17:22:17.555398+04', '2026-05-08 17:22:17.555398+04', NULL, '1b477199-3a0f-4733-950f-643122e7d406');
INSERT INTO public.products VALUES ('e199f8a2-3d00-4fc9-9a8c-915889dc917d', 'd90c99b4-f887-452e-b061-917da46c1aa6', 'MAAS-283', 'SUNQUICK ORANGE GM', 3100.00, '2026-05-08 17:22:17.556119+04', '2026-05-08 17:22:17.556119+04', NULL, '1b477199-3a0f-4733-950f-643122e7d406');
INSERT INTO public.products VALUES ('05df313d-87b9-4736-bfb4-4e449acb2050', 'd90c99b4-f887-452e-b061-917da46c1aa6', 'MAAS-284', 'The Flech blanc pm', 1300.00, '2026-05-08 17:22:17.556537+04', '2026-05-08 17:22:17.556537+04', NULL, '1b477199-3a0f-4733-950f-643122e7d406');
INSERT INTO public.products VALUES ('116d4f69-7d77-4a94-b35a-dfc72f5a8a18', 'd90c99b4-f887-452e-b061-917da46c1aa6', 'MAAS-285', 'Tomate Dieg GM', 1650.00, '2026-05-08 17:22:17.556907+04', '2026-05-08 17:22:17.556907+04', NULL, '1b477199-3a0f-4733-950f-643122e7d406');
INSERT INTO public.products VALUES ('9789a011-a25e-4ec7-b436-1e47a075f650', 'd90c99b4-f887-452e-b061-917da46c1aa6', 'MAAS-286', 'Tomate Dieg PM', 1000.00, '2026-05-08 17:22:17.557255+04', '2026-05-08 17:22:17.557255+04', NULL, '1b477199-3a0f-4733-950f-643122e7d406');
INSERT INTO public.products VALUES ('a8d6b2ea-d6ca-4065-9626-45cabfea36d9', 'd90c99b4-f887-452e-b061-917da46c1aa6', 'MAAS-288', 'VERMICELLE DALIA 500G', 750.00, '2026-05-08 17:22:17.55802+04', '2026-05-08 17:22:17.55802+04', NULL, '1b477199-3a0f-4733-950f-643122e7d406');
INSERT INTO public.products VALUES ('09626869-a0de-48fd-abb9-59f1a7a5b925', 'd90c99b4-f887-452e-b061-917da46c1aa6', 'MAAS-289', 'VINAIGRE ADJA COLORE 1L', 500.00, '2026-05-08 17:22:17.558376+04', '2026-05-08 17:22:17.558376+04', NULL, '1b477199-3a0f-4733-950f-643122e7d406');
INSERT INTO public.products VALUES ('f5aa795f-9a6a-4e15-9503-26c26e040609', 'd90c99b4-f887-452e-b061-917da46c1aa6', 'MAAS-290', 'VINAIGRE BLANC 1L', 450.00, '2026-05-08 17:22:17.558733+04', '2026-05-08 17:22:17.558733+04', NULL, '1b477199-3a0f-4733-950f-643122e7d406');
INSERT INTO public.products VALUES ('39a6e24e-18b1-4969-b79d-7045655dc3b4', 'd90c99b4-f887-452e-b061-917da46c1aa6', 'MAAS-291', 'CERELAC QUATRE FRUITS', 1150.00, '2026-05-08 17:22:17.5591+04', '2026-05-08 17:22:17.5591+04', NULL, '1b477199-3a0f-4733-950f-643122e7d406');
INSERT INTO public.products VALUES ('5150f35b-f096-4e44-b04c-e73845cae4ea', 'd90c99b4-f887-452e-b061-917da46c1aa6', 'MAAS-293', 'Ail', 1750.00, '2026-05-08 17:22:17.560069+04', '2026-05-08 17:22:17.560069+04', NULL, '1b477199-3a0f-4733-950f-643122e7d406');
INSERT INTO public.products VALUES ('87daa6c7-9fc6-40b2-abfc-7b3587b43e72', 'd90c99b4-f887-452e-b061-917da46c1aa6', 'MAAS-294', 'ALWAYS', 950.00, '2026-05-08 17:22:17.560993+04', '2026-05-08 17:22:17.560993+04', NULL, '1b477199-3a0f-4733-950f-643122e7d406');
INSERT INTO public.products VALUES ('b42108a8-f5e4-433b-8a6b-9044f3a4dd20', 'd90c99b4-f887-452e-b061-917da46c1aa6', 'MAAS-295', 'ARICOTS BLANC PM', 1050.00, '2026-05-08 17:22:17.561897+04', '2026-05-08 17:22:17.561897+04', NULL, '1b477199-3a0f-4733-950f-643122e7d406');
INSERT INTO public.products VALUES ('eacc0103-812a-4df1-ac1f-d9c765f8b90c', 'd90c99b4-f887-452e-b061-917da46c1aa6', 'MAAS-296', 'AROME MAGGI PM', 800.00, '2026-05-08 17:22:17.56252+04', '2026-05-08 17:22:17.56252+04', NULL, '1b477199-3a0f-4733-950f-643122e7d406');
INSERT INTO public.products VALUES ('1213553d-8c03-4705-820c-f14836ba4fcf', 'd90c99b4-f887-452e-b061-917da46c1aa6', 'MAAS-297', 'BRIDEL 50 Cl', 1000.00, '2026-05-08 17:22:17.563252+04', '2026-05-08 17:22:17.563252+04', NULL, '1b477199-3a0f-4733-950f-643122e7d406');
INSERT INTO public.products VALUES ('e439ed37-9d16-4916-8724-521d064f1feb', 'd90c99b4-f887-452e-b061-917da46c1aa6', 'MAAS-299', 'Choco pain 500g', 1275.00, '2026-05-08 17:22:17.56855+04', '2026-05-08 17:22:17.56855+04', NULL, '1b477199-3a0f-4733-950f-643122e7d406');
INSERT INTO public.products VALUES ('e1c77cb7-5204-4a00-a990-34865589994d', 'd90c99b4-f887-452e-b061-917da46c1aa6', 'MAAS-300', 'CITRON LIQUIDE', 1200.00, '2026-05-08 17:22:17.569336+04', '2026-05-08 17:22:17.569336+04', NULL, '1b477199-3a0f-4733-950f-643122e7d406');
INSERT INTO public.products VALUES ('6a4a35fe-0e56-4608-8ed3-a3fa35c87681', 'd90c99b4-f887-452e-b061-917da46c1aa6', 'MAAS-301', 'CORNE BOEUF GM', 650.00, '2026-05-08 17:22:17.570027+04', '2026-05-08 17:22:17.570027+04', NULL, 'a988a28f-dbc2-4d7d-9940-13c1a41be87d');
INSERT INTO public.products VALUES ('3761d49d-edd2-4e01-adf5-34daa20a00f6', 'd90c99b4-f887-452e-b061-917da46c1aa6', 'MAAS-303', 'COUCOUS KAYNA 1KG', 1250.00, '2026-05-08 17:22:17.571111+04', '2026-05-08 17:22:17.571111+04', NULL, '1b477199-3a0f-4733-950f-643122e7d406');
INSERT INTO public.products VALUES ('de11c424-73fd-4146-b7a8-ce5c1f2ed618', 'd90c99b4-f887-452e-b061-917da46c1aa6', 'MAAS-304', 'COUSCOUS KAYNA 500G', 700.00, '2026-05-08 17:22:17.571651+04', '2026-05-08 17:22:17.571651+04', NULL, '1b477199-3a0f-4733-950f-643122e7d406');
INSERT INTO public.products VALUES ('a9f74bb5-c633-4fd1-a691-75fc56324e49', 'd90c99b4-f887-452e-b061-917da46c1aa6', 'MAAS-305', 'DATTE 250g', 500.00, '2026-05-08 17:22:17.572078+04', '2026-05-08 17:22:17.572078+04', NULL, '1b477199-3a0f-4733-950f-643122e7d406');
INSERT INTO public.products VALUES ('cebc9f42-e55d-4407-af02-b33c9ddf9faa', 'd90c99b4-f887-452e-b061-917da46c1aa6', 'MAAS-306', 'DATTE 500g', 950.00, '2026-05-08 17:22:17.57248+04', '2026-05-08 17:22:17.57248+04', NULL, '1b477199-3a0f-4733-950f-643122e7d406');
INSERT INTO public.products VALUES ('103aefed-491b-4ff2-8455-b13c12c7166e', 'd90c99b4-f887-452e-b061-917da46c1aa6', 'MAAS-308', 'FROMAGE LVQR PM', 1000.00, '2026-05-08 17:22:17.573241+04', '2026-05-08 17:22:17.573241+04', NULL, '1b477199-3a0f-4733-950f-643122e7d406');
INSERT INTO public.products VALUES ('522793ae-952b-4755-93d5-5adebb613d3b', 'd90c99b4-f887-452e-b061-917da46c1aa6', 'MAAS-309', 'Gloria GM POT', 1350.00, '2026-05-08 17:22:17.573594+04', '2026-05-08 17:22:17.573594+04', NULL, '1b477199-3a0f-4733-950f-643122e7d406');
INSERT INTO public.products VALUES ('9e8d4d89-df11-41aa-99d3-2bbe46beb33f', 'd90c99b4-f887-452e-b061-917da46c1aa6', 'MAAS-311', 'Gloria sachet 15g', 100.00, '2026-05-08 17:22:17.574278+04', '2026-05-08 17:22:17.574278+04', NULL, '1b477199-3a0f-4733-950f-643122e7d406');
INSERT INTO public.products VALUES ('8344f6e5-4815-4559-8b48-a91f16574f98', 'd90c99b4-f887-452e-b061-917da46c1aa6', 'MAAS-312', 'Gloria sachet 370g', 1950.00, '2026-05-08 17:22:17.574612+04', '2026-05-08 17:22:17.574612+04', NULL, '1b477199-3a0f-4733-950f-643122e7d406');
INSERT INTO public.products VALUES ('51a5e878-9971-47fd-b2b4-1b3b87d328eb', 'd90c99b4-f887-452e-b061-917da46c1aa6', 'MAAS-313', 'Huile NINNAL 1L', 1400.00, '2026-05-08 17:22:17.574953+04', '2026-05-08 17:22:17.574953+04', NULL, '1b477199-3a0f-4733-950f-643122e7d406');
INSERT INTO public.products VALUES ('138dc207-b9ab-430c-bc10-4737774b4c6d', 'd90c99b4-f887-452e-b061-917da46c1aa6', 'MAAS-315', 'JAVEL MADAR 1L', 475.00, '2026-05-08 17:22:17.575623+04', '2026-05-08 17:22:17.575623+04', NULL, '1b477199-3a0f-4733-950f-643122e7d406');
INSERT INTO public.products VALUES ('2b157b31-79b9-44da-8476-7b552c8523dc', 'd90c99b4-f887-452e-b061-917da46c1aa6', 'MAAS-316', 'JUMBO', 1400.00, '2026-05-08 17:22:17.575963+04', '2026-05-08 17:22:17.575963+04', NULL, '1b477199-3a0f-4733-950f-643122e7d406');
INSERT INTO public.products VALUES ('84b45ff4-50bd-4450-9e0a-6ac7836b6538', 'd90c99b4-f887-452e-b061-917da46c1aa6', 'MAAS-317', 'LAIT ELDORADO', 350.00, '2026-05-08 17:22:17.57634+04', '2026-05-08 17:22:17.57634+04', NULL, '1b477199-3a0f-4733-950f-643122e7d406');
INSERT INTO public.products VALUES ('862338e6-81b4-4521-b4a6-2f7ca27a8a7b', 'd90c99b4-f887-452e-b061-917da46c1aa6', 'MAAS-318', 'MACARONI 500G', 600.00, '2026-05-08 17:22:17.577228+04', '2026-05-08 17:22:17.577228+04', NULL, '1b477199-3a0f-4733-950f-643122e7d406');
INSERT INTO public.products VALUES ('3f9140e8-4c21-4eed-9d22-b8c47cb22f63', 'd90c99b4-f887-452e-b061-917da46c1aa6', 'MAAS-320', 'MADAR 100F', 100.00, '2026-05-08 17:22:17.579052+04', '2026-05-08 17:22:17.579052+04', NULL, '1b477199-3a0f-4733-950f-643122e7d406');
INSERT INTO public.products VALUES ('1196a453-57a7-4c7c-aae6-e8edbcffe1b3', 'd90c99b4-f887-452e-b061-917da46c1aa6', 'MAAS-321', 'MADAR RMZO 1L', 900.00, '2026-05-08 17:22:17.579634+04', '2026-05-08 17:22:17.579634+04', NULL, '1b477199-3a0f-4733-950f-643122e7d406');
INSERT INTO public.products VALUES ('d55de8fb-5feb-41d6-b19c-6b91c55f907b', 'd90c99b4-f887-452e-b061-917da46c1aa6', 'MAAS-322', 'MADAR RMZO 250L', 250.00, '2026-05-08 17:22:17.58127+04', '2026-05-08 17:22:17.58127+04', NULL, '1b477199-3a0f-4733-950f-643122e7d406');
INSERT INTO public.products VALUES ('17fef31a-46c8-45d2-a767-36a9fd574221', 'd90c99b4-f887-452e-b061-917da46c1aa6', 'MAAS-323', 'MAGGI MAMEUN EPICES', 75.00, '2026-05-08 17:22:17.585085+04', '2026-05-08 17:22:17.585085+04', NULL, '1b477199-3a0f-4733-950f-643122e7d406');
INSERT INTO public.products VALUES ('a38e7ed4-5ebb-4066-a40a-357e7d3cdd1f', 'd90c99b4-f887-452e-b061-917da46c1aa6', 'MAAS-325', 'Mais doux', 550.00, '2026-05-08 17:22:17.586304+04', '2026-05-08 17:22:17.586304+04', NULL, '1b477199-3a0f-4733-950f-643122e7d406');
INSERT INTO public.products VALUES ('aef8b668-31cf-4b27-8cf8-d6f260ea5c49', 'd90c99b4-f887-452e-b061-917da46c1aa6', 'MAAS-326', 'MOUTARDINE BAMA 500g', 1800.00, '2026-05-08 17:22:17.586667+04', '2026-05-08 17:22:17.586667+04', NULL, '1b477199-3a0f-4733-950f-643122e7d406');
INSERT INTO public.products VALUES ('53aca458-c1b5-4ae6-936b-36002fe76322', 'd90c99b4-f887-452e-b061-917da46c1aa6', 'MAAS-327', 'MOUTARDE REINE', 800.00, '2026-05-08 17:22:17.587013+04', '2026-05-08 17:22:17.587013+04', NULL, '1b477199-3a0f-4733-950f-643122e7d406');
INSERT INTO public.products VALUES ('615daeea-ee9c-43ed-9a50-336a75c9b818', 'd90c99b4-f887-452e-b061-917da46c1aa6', 'MAAS-328', 'Nescafe POT 200G', 5000.00, '2026-05-08 17:22:17.587404+04', '2026-05-08 17:22:17.587404+04', NULL, '1b477199-3a0f-4733-950f-643122e7d406');
INSERT INTO public.products VALUES ('59395348-2c74-4e9f-9a21-a820429b3283', 'd90c99b4-f887-452e-b061-917da46c1aa6', 'MAAS-330', 'Nescafe POT 50G', 1400.00, '2026-05-08 17:22:17.588081+04', '2026-05-08 17:22:17.588081+04', NULL, '1b477199-3a0f-4733-950f-643122e7d406');
INSERT INTO public.products VALUES ('0709c78c-c547-4b65-a355-d4f640aa1114', 'd90c99b4-f887-452e-b061-917da46c1aa6', 'MAAS-331', 'Nescafe Sachet 100G', 2200.00, '2026-05-08 17:22:17.588492+04', '2026-05-08 17:22:17.588492+04', NULL, '1b477199-3a0f-4733-950f-643122e7d406');
INSERT INTO public.products VALUES ('98bfda46-22fd-404a-bfdf-3b48cc020268', 'd90c99b4-f887-452e-b061-917da46c1aa6', 'MAAS-332', 'OIGNON BLANC', 650.00, '2026-05-08 17:22:17.589073+04', '2026-05-08 17:22:17.589073+04', NULL, '1b477199-3a0f-4733-950f-643122e7d406');
INSERT INTO public.products VALUES ('0cf45977-c4b7-4f5f-ab1e-697a6b807cbc', 'd90c99b4-f887-452e-b061-917da46c1aa6', 'MAAS-333', 'OIGNON SAC', 520.00, '2026-05-08 17:22:17.589713+04', '2026-05-08 17:22:17.589713+04', NULL, '1b477199-3a0f-4733-950f-643122e7d406');
INSERT INTO public.products VALUES ('06fa99ee-70b8-4eba-b4c8-247e3cef656e', 'd90c99b4-f887-452e-b061-917da46c1aa6', 'MAAS-335', 'PETIS POIS EN VRAC', 1000.00, '2026-05-08 17:22:17.59062+04', '2026-05-08 17:22:17.59062+04', NULL, '1b477199-3a0f-4733-950f-643122e7d406');
INSERT INTO public.products VALUES ('2a451746-8af5-4c73-b80c-f9020b1d87cb', 'd90c99b4-f887-452e-b061-917da46c1aa6', 'MAAS-336', 'PETIT POIS AVRIL GM', 2000.00, '2026-05-08 17:22:17.590985+04', '2026-05-08 17:22:17.590985+04', NULL, '1b477199-3a0f-4733-950f-643122e7d406');
INSERT INTO public.products VALUES ('40fcfe3e-4d88-4eb1-a59e-bceb94301187', 'd90c99b4-f887-452e-b061-917da46c1aa6', 'MAAS-337', 'PETIT POIS ORDINAIRE GM', 850.00, '2026-05-08 17:22:17.591332+04', '2026-05-08 17:22:17.591332+04', NULL, '1b477199-3a0f-4733-950f-643122e7d406');
INSERT INTO public.products VALUES ('04b97fa4-d78e-4c00-accc-15cba09cd0e4', 'd90c99b4-f887-452e-b061-917da46c1aa6', 'MAAS-339', 'POMME DE TERRE SAC', 400.00, '2026-05-08 17:22:17.592017+04', '2026-05-08 17:22:17.592017+04', NULL, '1b477199-3a0f-4733-950f-643122e7d406');
INSERT INTO public.products VALUES ('2d638d64-0251-4c6a-a820-a00acaa78224', 'd90c99b4-f887-452e-b061-917da46c1aa6', 'MAAS-340', 'RIZ 5kg', 750.00, '2026-05-08 17:22:17.592417+04', '2026-05-08 17:22:17.592417+04', NULL, '1b477199-3a0f-4733-950f-643122e7d406');
INSERT INTO public.products VALUES ('2c66c5de-2678-4c53-9fcc-2f769a8e88c0', 'd90c99b4-f887-452e-b061-917da46c1aa6', 'MAAS-341', 'RIZ ENTIER TEERAL 1KG', 380.00, '2026-05-08 17:22:17.593034+04', '2026-05-08 17:22:17.593034+04', NULL, '1b477199-3a0f-4733-950f-643122e7d406');
INSERT INTO public.products VALUES ('7e8c2dd8-6d4f-42b9-bb15-27489f0965d0', 'd90c99b4-f887-452e-b061-917da46c1aa6', 'MAAS-342', 'RIZ ENTIER TEERAL 25KG', 10550.00, '2026-05-08 17:22:17.593913+04', '2026-05-08 17:22:17.593913+04', NULL, '1b477199-3a0f-4733-950f-643122e7d406');
INSERT INTO public.products VALUES ('d0923c8d-0b54-410e-8b29-3102ed1e94e6', 'd90c99b4-f887-452e-b061-917da46c1aa6', 'MAAS-344', 'RIZ PRESTIGE 25KG', 11800.00, '2026-05-08 17:22:17.595661+04', '2026-05-08 17:22:17.595661+04', NULL, '1b477199-3a0f-4733-950f-643122e7d406');
INSERT INTO public.products VALUES ('07c8116e-b0d4-44b8-bd19-fbedd095623c', 'd90c99b4-f887-452e-b061-917da46c1aa6', 'MAAS-345', 'RIZ UMBRELLA 1KG', 460.00, '2026-05-08 17:22:17.596413+04', '2026-05-08 17:22:17.596413+04', NULL, '1b477199-3a0f-4733-950f-643122e7d406');
INSERT INTO public.products VALUES ('efbce390-8788-4886-b25c-ea893204e6c2', 'd90c99b4-f887-452e-b061-917da46c1aa6', 'MAAS-346', 'RIZ UMBRELLA 25KG', 12800.00, '2026-05-08 17:22:17.598509+04', '2026-05-08 17:22:17.598509+04', NULL, '1b477199-3a0f-4733-950f-643122e7d406');
INSERT INTO public.products VALUES ('1af487f7-2143-4099-b18e-3f4952bda28f', 'd90c99b4-f887-452e-b061-917da46c1aa6', 'MAAS-347', 'SARDINE', 400.00, '2026-05-08 17:22:17.601903+04', '2026-05-08 17:22:17.601903+04', NULL, '2d90e73b-dbdb-4a81-bd7a-43daac7c3b48');
INSERT INTO public.products VALUES ('9ed461b2-0200-4cae-bd1d-339a8c76a9f0', 'd90c99b4-f887-452e-b061-917da46c1aa6', 'MAAS-349', 'SEL', 100.00, '2026-05-08 17:22:17.603048+04', '2026-05-08 17:22:17.603048+04', NULL, '1b477199-3a0f-4733-950f-643122e7d406');
INSERT INTO public.products VALUES ('920bef78-ec84-45e5-be83-9988ae054ff3', 'd90c99b4-f887-452e-b061-917da46c1aa6', 'MAAS-350', 'SIROP MENTHE', 2100.00, '2026-05-08 17:22:17.603497+04', '2026-05-08 17:22:17.603497+04', NULL, '1b477199-3a0f-4733-950f-643122e7d406');
INSERT INTO public.products VALUES ('d3280a69-c0d3-4922-a46c-d8eb1c3d6dce', 'd90c99b4-f887-452e-b061-917da46c1aa6', 'MAAS-351', 'Spaghetti 250g', 300.00, '2026-05-08 17:22:17.603965+04', '2026-05-08 17:22:17.603965+04', NULL, '1b477199-3a0f-4733-950f-643122e7d406');
INSERT INTO public.products VALUES ('76e05ca5-08df-45d0-bba6-3007622766ad', 'd90c99b4-f887-452e-b061-917da46c1aa6', 'MAAS-353', 'Sucre en poudre j''adore 1kg', 750.00, '2026-05-08 17:22:17.604818+04', '2026-05-08 17:22:17.604818+04', NULL, '1b477199-3a0f-4733-950f-643122e7d406');
INSERT INTO public.products VALUES ('279357bb-947e-4e51-ba06-36b0ae9d97ee', 'd90c99b4-f887-452e-b061-917da46c1aa6', 'MAAS-354', 'SUCRE VANILLE CARTON', 1000.00, '2026-05-08 17:22:17.605233+04', '2026-05-08 17:22:17.605233+04', NULL, '1b477199-3a0f-4733-950f-643122e7d406');
INSERT INTO public.products VALUES ('47829abb-d950-41b2-aab3-cb9824e3c019', 'd90c99b4-f887-452e-b061-917da46c1aa6', 'MAAS-355', 'SUNQUICK ANANAS GM', 3200.00, '2026-05-08 17:22:17.605619+04', '2026-05-08 17:22:17.605619+04', NULL, '1b477199-3a0f-4733-950f-643122e7d406');
INSERT INTO public.products VALUES ('39251483-5058-4cfc-bbdd-1f728243dc9c', 'd90c99b4-f887-452e-b061-917da46c1aa6', 'MAAS-356', 'SUNQUICK FRAISE GM', 3200.00, '2026-05-08 17:22:17.605979+04', '2026-05-08 17:22:17.605979+04', NULL, '1b477199-3a0f-4733-950f-643122e7d406');
INSERT INTO public.products VALUES ('ab2896fc-271d-4846-8c35-17bf46831873', 'd90c99b4-f887-452e-b061-917da46c1aa6', 'MAAS-358', 'The Flech blanc pm', 1300.00, '2026-05-08 17:22:17.606648+04', '2026-05-08 17:22:17.606648+04', NULL, '1b477199-3a0f-4733-950f-643122e7d406');
INSERT INTO public.products VALUES ('e9fd0e9b-e189-4073-96f9-8c0cabb4aa4c', 'd90c99b4-f887-452e-b061-917da46c1aa6', 'MAAS-359', 'Tomate Dieg GM', 1650.00, '2026-05-08 17:22:17.606975+04', '2026-05-08 17:22:17.606975+04', NULL, '1b477199-3a0f-4733-950f-643122e7d406');
INSERT INTO public.products VALUES ('847b04b9-1e5e-4bf9-9bdd-4ad1ea107ae4', 'd90c99b4-f887-452e-b061-917da46c1aa6', 'MAAS-360', 'Tomate Dieg PM', 1000.00, '2026-05-08 17:22:17.607354+04', '2026-05-08 17:22:17.607354+04', NULL, '1b477199-3a0f-4733-950f-643122e7d406');
INSERT INTO public.products VALUES ('9049337a-0761-4aec-ad02-f11c62d52112', 'd90c99b4-f887-452e-b061-917da46c1aa6', 'MAAS-361', 'Tomate Dieg Sachet', 135.00, '2026-05-08 17:22:17.607686+04', '2026-05-08 17:22:17.607686+04', NULL, '1b477199-3a0f-4733-950f-643122e7d406');
INSERT INTO public.products VALUES ('37033d00-a9f1-4598-ad25-a4014a5b75d0', 'd90c99b4-f887-452e-b061-917da46c1aa6', 'MAAS-363', 'VINAIGRE ADJA COLORE 1L', 500.00, '2026-05-08 17:22:17.608517+04', '2026-05-08 17:22:17.608517+04', NULL, '1b477199-3a0f-4733-950f-643122e7d406');
INSERT INTO public.products VALUES ('a29826c4-ec36-4205-9da0-5c382111494c', 'd90c99b4-f887-452e-b061-917da46c1aa6', 'MAAS-364', 'VINAIGRE BLANC 1L', 450.00, '2026-05-08 17:22:17.608967+04', '2026-05-08 17:22:17.608967+04', NULL, '1b477199-3a0f-4733-950f-643122e7d406');
INSERT INTO public.products VALUES ('2ccee943-46e9-45ed-acad-5cba116cfe06', 'd90c99b4-f887-452e-b061-917da46c1aa6', 'MAAS-365', 'CERELAC QUATRE FRUITS', 1150.00, '2026-05-08 17:22:17.609345+04', '2026-05-08 17:22:17.609345+04', NULL, '1b477199-3a0f-4733-950f-643122e7d406');
INSERT INTO public.products VALUES ('b5dc42d4-edf4-46ce-be29-e4dfd69e76bc', 'd90c99b4-f887-452e-b061-917da46c1aa6', 'MAAS-366', 'HUILE DE PALME 500ml', 850.00, '2026-05-08 17:22:17.609903+04', '2026-05-08 17:22:17.609903+04', NULL, '1b477199-3a0f-4733-950f-643122e7d406');
INSERT INTO public.products VALUES ('0319d2b3-4c83-4e3f-a865-43531f7ca70b', 'd90c99b4-f887-452e-b061-917da46c1aa6', 'MAAS-368', 'Gloria Sachet 370g', 1950.00, '2026-05-08 17:22:17.611709+04', '2026-05-08 17:22:17.611709+04', NULL, '1b477199-3a0f-4733-950f-643122e7d406');
INSERT INTO public.products VALUES ('e7b7087b-d179-45db-b370-532d5ec732e4', 'd90c99b4-f887-452e-b061-917da46c1aa6', 'MAAS-369', 'Huile De Palme 500ml', 850.00, '2026-05-08 17:22:17.612335+04', '2026-05-08 17:22:17.612335+04', NULL, '1b477199-3a0f-4733-950f-643122e7d406');
INSERT INTO public.products VALUES ('2621de6e-dd49-46ce-aa75-eab9b74cc6bf', 'd90c99b4-f887-452e-b061-917da46c1aa6', 'MAAS-370', 'Huile De Palme 500ml', 850.00, '2026-05-08 17:22:17.612926+04', '2026-05-08 17:22:17.612926+04', NULL, '1b477199-3a0f-4733-950f-643122e7d406');
INSERT INTO public.products VALUES ('10c06fbb-c89e-4e76-9c4c-89ab7b123098', 'd90c99b4-f887-452e-b061-917da46c1aa6', 'MAAS-371', 'Vermicelle Dalia 500g', 750.00, '2026-05-08 17:22:17.613883+04', '2026-05-08 17:22:17.613883+04', NULL, '1b477199-3a0f-4733-950f-643122e7d406');
INSERT INTO public.products VALUES ('dbcdd997-f1dd-4eca-a2c4-03f9fadae574', 'd90c99b4-f887-452e-b061-917da46c1aa6', 'MAAS-373', 'Fromage Lvqr Pm', 1000.00, '2026-05-08 17:22:17.618694+04', '2026-05-08 17:22:17.618694+04', NULL, '1b477199-3a0f-4733-950f-643122e7d406');
INSERT INTO public.products VALUES ('a367b9ac-735f-4f44-8863-deb59e947f0b', 'd90c99b4-f887-452e-b061-917da46c1aa6', 'MAAS-374', 'Fromage Lvqr Pm', 1000.00, '2026-05-08 17:22:17.619362+04', '2026-05-08 17:22:17.619362+04', NULL, '1b477199-3a0f-4733-950f-643122e7d406');
INSERT INTO public.products VALUES ('8c91af0d-6423-465d-a4fb-d4c4a1007da6', 'd90c99b4-f887-452e-b061-917da46c1aa6', 'MAAS-375', 'Citron Liquide', 1200.00, '2026-05-08 17:22:17.619815+04', '2026-05-08 17:22:17.619815+04', NULL, '1b477199-3a0f-4733-950f-643122e7d406');
INSERT INTO public.products VALUES ('1e8ff728-f957-4692-93a0-6e6764146875', 'd90c99b4-f887-452e-b061-917da46c1aa6', 'MAAS-376', 'Citron Liquide', 1200.00, '2026-05-08 17:22:17.620172+04', '2026-05-08 17:22:17.620172+04', NULL, '1b477199-3a0f-4733-950f-643122e7d406');
INSERT INTO public.products VALUES ('452f6e4c-1929-4c77-98a5-ecbd4345e56c', 'd90c99b4-f887-452e-b061-917da46c1aa6', 'MAAS-378', 'Coucous Kayna 1kg', 1250.00, '2026-05-08 17:22:17.620859+04', '2026-05-08 17:22:17.620859+04', NULL, '1b477199-3a0f-4733-950f-643122e7d406');
INSERT INTO public.products VALUES ('9e7f02ff-0739-4c16-9c80-4bc2042b8bfc', 'd90c99b4-f887-452e-b061-917da46c1aa6', 'MAAS-379', 'Pomme De Terre Sac', 400.00, '2026-05-08 17:22:17.621201+04', '2026-05-08 17:22:17.621201+04', NULL, '1b477199-3a0f-4733-950f-643122e7d406');
INSERT INTO public.products VALUES ('13711d57-c3a9-47da-b9f8-4ee921b4ce46', 'a1111111-1111-4111-8111-111111111111', 'KC-COCA', 'Coca via Keycloak', 750.00, '2026-05-08 16:13:30.995736+04', '2026-05-08 16:13:30.995736+04', NULL, '9cffbf51-bad1-4efb-98ed-0865263ca307');
INSERT INTO public.products VALUES ('5153404a-d0db-4537-b167-73cd7c8fe750', '966a57b8-16ba-45c2-962c-1538737cf63b', 'DEMO-PROD-1', 'Premier Demo', 1500.00, '2026-05-08 16:37:11.892434+04', '2026-05-08 16:37:11.892434+04', NULL, '3f15b475-0ad0-4016-9c10-b00a0cf88551');
INSERT INTO public.products VALUES ('008b597f-462f-4556-814a-aaf1873ab20d', 'd90c99b4-f887-452e-b061-917da46c1aa6', 'MAAS-1', 'Boeuf en détail', 3700.00, '2026-05-08 17:22:17.437478+04', '2026-05-08 17:22:17.437478+04', NULL, 'a988a28f-dbc2-4d7d-9940-13c1a41be87d');
INSERT INTO public.products VALUES ('08da5f35-444b-4e36-8297-ecd66fd474ea', 'd90c99b4-f887-452e-b061-917da46c1aa6', 'MAAS-3', 'Dechet', 1000.00, '2026-05-08 17:22:17.438647+04', '2026-05-08 17:22:17.438647+04', NULL, 'a988a28f-dbc2-4d7d-9940-13c1a41be87d');
INSERT INTO public.products VALUES ('bcb7d6ee-1a55-4d92-863b-8df309b8e790', 'd90c99b4-f887-452e-b061-917da46c1aa6', 'MAAS-9', 'Filet', 5000.00, '2026-05-08 17:22:17.440727+04', '2026-05-08 17:22:17.440727+04', NULL, '1b477199-3a0f-4733-950f-643122e7d406');
INSERT INTO public.products VALUES ('19720df1-3f8e-4054-9991-c3026ba8d7c4', 'd90c99b4-f887-452e-b061-917da46c1aa6', 'MAAS-13', 'Veau sur pied', 0.00, '2026-05-08 17:22:17.442373+04', '2026-05-08 17:22:17.442373+04', NULL, 'a988a28f-dbc2-4d7d-9940-13c1a41be87d');
INSERT INTO public.products VALUES ('475cf338-9784-43fe-b9f8-a38e6c3e87a9', 'd90c99b4-f887-452e-b061-917da46c1aa6', 'MAAS-21', 'Tete Agneau', 1000.00, '2026-05-08 17:22:17.445658+04', '2026-05-08 17:22:17.445658+04', NULL, '61d9a138-3c1a-4ad3-b155-d87125bdae37');
INSERT INTO public.products VALUES ('59fa244a-c5c4-442a-b100-cd9cb52405ed', 'd90c99b4-f887-452e-b061-917da46c1aa6', 'MAAS-26', 'Pack Pigeon', 2500.00, '2026-05-08 17:22:17.452993+04', '2026-05-08 17:22:17.452993+04', NULL, '4fb2f70e-dd13-4882-a8b1-d0909d1fbb15');
INSERT INTO public.products VALUES ('b6fc2c0f-96fd-4b00-aa82-cf9614197c48', 'd90c99b4-f887-452e-b061-917da46c1aa6', 'MAAS-30', 'Pack30000', 30000.00, '2026-05-08 17:22:17.455223+04', '2026-05-08 17:22:17.455223+04', NULL, '4fb2f70e-dd13-4882-a8b1-d0909d1fbb15');
INSERT INTO public.products VALUES ('6eb8b546-4acd-42c5-b933-90d2d61c2f41', 'd90c99b4-f887-452e-b061-917da46c1aa6', 'MAAS-35', 'Pack20000', 20000.00, '2026-05-08 17:22:17.457307+04', '2026-05-08 17:22:17.457307+04', NULL, '4fb2f70e-dd13-4882-a8b1-d0909d1fbb15');
INSERT INTO public.products VALUES ('c62622dd-07d5-4893-a18c-14a94d6746bd', 'd90c99b4-f887-452e-b061-917da46c1aa6', 'MAAS-38', 'Autre viande', 3000.00, '2026-05-08 17:22:17.458334+04', '2026-05-08 17:22:17.458334+04', NULL, '1b477199-3a0f-4733-950f-643122e7d406');
INSERT INTO public.products VALUES ('42a69ad8-93ee-40e2-b5fc-34a9107b01fe', 'd90c99b4-f887-452e-b061-917da46c1aa6', 'MAAS-42', 'Dechet', 1000.00, '2026-05-08 17:22:17.461662+04', '2026-05-08 17:22:17.461662+04', NULL, 'a988a28f-dbc2-4d7d-9940-13c1a41be87d');
INSERT INTO public.products VALUES ('02e537b0-dd25-46cb-b172-a0db2846e618', 'd90c99b4-f887-452e-b061-917da46c1aa6', 'MAAS-47', 'Faux Filet', 3400.00, '2026-05-08 17:22:17.469416+04', '2026-05-08 17:22:17.469416+04', NULL, 'a988a28f-dbc2-4d7d-9940-13c1a41be87d');
INSERT INTO public.products VALUES ('1a918b8e-1d92-4c18-99b8-181bec00810e', 'd90c99b4-f887-452e-b061-917da46c1aa6', 'MAAS-51', 'Veau en gros', 3600.00, '2026-05-08 17:22:17.47106+04', '2026-05-08 17:22:17.47106+04', NULL, 'a988a28f-dbc2-4d7d-9940-13c1a41be87d');
INSERT INTO public.products VALUES ('955a41bc-9825-4f65-b4e3-346fb88ab1b0', 'd90c99b4-f887-452e-b061-917da46c1aa6', 'MAAS-55', 'Tete de Boeuf', 9900.00, '2026-05-08 17:22:17.472988+04', '2026-05-08 17:22:17.472988+04', NULL, 'a988a28f-dbc2-4d7d-9940-13c1a41be87d');
INSERT INTO public.products VALUES ('0e28c1eb-7376-4384-a280-ba3bc10c85eb', 'd90c99b4-f887-452e-b061-917da46c1aa6', 'MAAS-60', 'Tete Agneau', 950.00, '2026-05-08 17:22:17.475639+04', '2026-05-08 17:22:17.475639+04', NULL, '61d9a138-3c1a-4ad3-b155-d87125bdae37');
INSERT INTO public.products VALUES ('e831aa29-6495-43da-beaa-3ed3449adb32', 'd90c99b4-f887-452e-b061-917da46c1aa6', 'MAAS-65', 'Pack Pigeon', 2400.00, '2026-05-08 17:22:17.479355+04', '2026-05-08 17:22:17.479355+04', NULL, '4fb2f70e-dd13-4882-a8b1-d0909d1fbb15');
INSERT INTO public.products VALUES ('cfd1314b-6911-453e-bab5-f554b94b5664', 'd90c99b4-f887-452e-b061-917da46c1aa6', 'MAAS-70', 'Pack35000', 34500.00, '2026-05-08 17:22:17.486528+04', '2026-05-08 17:22:17.486528+04', NULL, '4fb2f70e-dd13-4882-a8b1-d0909d1fbb15');
INSERT INTO public.products VALUES ('5864a998-4c70-4eb5-92c6-5b256f344426', 'd90c99b4-f887-452e-b061-917da46c1aa6', 'MAAS-74', 'Pack20000', 19500.00, '2026-05-08 17:22:17.488118+04', '2026-05-08 17:22:17.488118+04', NULL, '4fb2f70e-dd13-4882-a8b1-d0909d1fbb15');
INSERT INTO public.products VALUES ('bf22e786-bb78-4b34-abc7-3d4ec21d4591', 'd90c99b4-f887-452e-b061-917da46c1aa6', 'MAAS-79', 'Boeuf', 3800.00, '2026-05-08 17:22:17.490334+04', '2026-05-08 17:22:17.490334+04', NULL, 'a988a28f-dbc2-4d7d-9940-13c1a41be87d');
INSERT INTO public.products VALUES ('64543ad1-ed9d-4a51-9322-9922dbf101b7', 'd90c99b4-f887-452e-b061-917da46c1aa6', 'MAAS-84', 'Foie', 3000.00, '2026-05-08 17:22:17.492771+04', '2026-05-08 17:22:17.492771+04', NULL, '1b477199-3a0f-4733-950f-643122e7d406');
INSERT INTO public.products VALUES ('e1e0e5e2-06f2-4f3c-9163-908971d28a1c', 'd90c99b4-f887-452e-b061-917da46c1aa6', 'MAAS-88', 'Autres', 1.00, '2026-05-08 17:22:17.495762+04', '2026-05-08 17:22:17.495762+04', NULL, '1b477199-3a0f-4733-950f-643122e7d406');
INSERT INTO public.products VALUES ('01715cb1-d9e3-4a6e-b8d0-58c9d500a4e3', 'd90c99b4-f887-452e-b061-917da46c1aa6', 'MAAS-92', 'Boeuf sur pieds', 0.00, '2026-05-08 17:22:17.502483+04', '2026-05-08 17:22:17.502483+04', NULL, 'a988a28f-dbc2-4d7d-9940-13c1a41be87d');
INSERT INTO public.products VALUES ('91715fd8-f3bc-4e47-a84f-a6d7a8ff1069', 'd90c99b4-f887-452e-b061-917da46c1aa6', 'MAAS-100', 'Petit pois', 1000.00, '2026-05-08 17:22:17.504862+04', '2026-05-08 17:22:17.504862+04', NULL, '1b477199-3a0f-4733-950f-643122e7d406');
INSERT INTO public.products VALUES ('cec9f995-4573-48b3-bfd3-dc2a4bfb3c39', 'd90c99b4-f887-452e-b061-917da46c1aa6', 'MAAS-220', 'ALWAYS', 950.00, '2026-05-08 17:22:17.506247+04', '2026-05-08 17:22:17.506247+04', NULL, '1b477199-3a0f-4733-950f-643122e7d406');
INSERT INTO public.products VALUES ('2c983da8-01ea-4b33-a6db-64ed270e0108', 'd90c99b4-f887-452e-b061-917da46c1aa6', 'MAAS-380', 'Pomme De Terre Sac', 400.00, '2026-05-08 17:22:17.621533+04', '2026-05-08 17:22:17.621533+04', NULL, '1b477199-3a0f-4733-950f-643122e7d406');
INSERT INTO public.products VALUES ('d88d917d-8b49-4153-824c-a1197ea68570', 'd90c99b4-f887-452e-b061-917da46c1aa6', 'MAAS-381', 'Boeuf En Détail', 3700.00, '2026-05-08 17:22:17.621898+04', '2026-05-08 17:22:17.621898+04', NULL, 'a988a28f-dbc2-4d7d-9940-13c1a41be87d');
INSERT INTO public.products VALUES ('ac62d5a2-8bc9-48c9-a6ff-ac9779c2158a', 'd90c99b4-f887-452e-b061-917da46c1aa6', 'MAAS-382', 'Boeuf En Détail', 3700.00, '2026-05-08 17:22:17.622231+04', '2026-05-08 17:22:17.622231+04', NULL, 'a988a28f-dbc2-4d7d-9940-13c1a41be87d');
INSERT INTO public.products VALUES ('d6ea8b47-3eb1-4d81-9eeb-6e2225a41c59', 'd90c99b4-f887-452e-b061-917da46c1aa6', 'MAAS-224', 'Choco pain 1kg', 2300.00, '2026-05-08 17:22:17.508429+04', '2026-05-08 17:22:17.508429+04', NULL, '1b477199-3a0f-4733-950f-643122e7d406');
INSERT INTO public.products VALUES ('4ceb04dc-6847-4b22-8388-0ef52775b540', 'd90c99b4-f887-452e-b061-917da46c1aa6', 'MAAS-229', 'COUCOUS KAYNA 1KG', 1250.00, '2026-05-08 17:22:17.512272+04', '2026-05-08 17:22:17.512272+04', NULL, '1b477199-3a0f-4733-950f-643122e7d406');
INSERT INTO public.products VALUES ('4e8cc332-7055-4fb0-a835-c88f3879b161', 'd90c99b4-f887-452e-b061-917da46c1aa6', 'MAAS-233', 'FLEUR D''ORANDE', 200.00, '2026-05-08 17:22:17.519384+04', '2026-05-08 17:22:17.519384+04', NULL, '1b477199-3a0f-4733-950f-643122e7d406');
INSERT INTO public.products VALUES ('b9cc3b37-dc8d-48c9-9b25-33b1d160439e', 'd90c99b4-f887-452e-b061-917da46c1aa6', 'MAAS-234', 'FROMAGE LVQR PM', 1000.00, '2026-05-08 17:22:17.519854+04', '2026-05-08 17:22:17.519854+04', NULL, '1b477199-3a0f-4733-950f-643122e7d406');
INSERT INTO public.products VALUES ('c566ed52-9a53-4c22-b939-d7f7e237aa59', 'd90c99b4-f887-452e-b061-917da46c1aa6', 'MAAS-238', 'Gloria sachet 370g', 1950.00, '2026-05-08 17:22:17.521311+04', '2026-05-08 17:22:17.521311+04', NULL, '1b477199-3a0f-4733-950f-643122e7d406');
INSERT INTO public.products VALUES ('a1c12b60-77ca-465f-9048-3195b5e13bd0', 'd90c99b4-f887-452e-b061-917da46c1aa6', 'MAAS-244', 'MACARONI 500G', 600.00, '2026-05-08 17:22:17.524321+04', '2026-05-08 17:22:17.524321+04', NULL, '1b477199-3a0f-4733-950f-643122e7d406');
INSERT INTO public.products VALUES ('402ded11-a8b6-4c75-8053-d14ca3075b90', 'd90c99b4-f887-452e-b061-917da46c1aa6', 'MAAS-248', 'MADAR RMZO 250L', 250.00, '2026-05-08 17:22:17.52611+04', '2026-05-08 17:22:17.52611+04', NULL, '1b477199-3a0f-4733-950f-643122e7d406');
INSERT INTO public.products VALUES ('5cbd5ad3-441f-4555-a8cd-1cd0b9fba914', 'd90c99b4-f887-452e-b061-917da46c1aa6', 'MAAS-253', 'MOUTARDE REINE', 800.00, '2026-05-08 17:22:17.530066+04', '2026-05-08 17:22:17.530066+04', NULL, '1b477199-3a0f-4733-950f-643122e7d406');
INSERT INTO public.products VALUES ('f5c243de-d363-4e0b-97c4-785483d2f61b', 'd90c99b4-f887-452e-b061-917da46c1aa6', 'MAAS-257', 'Nescafe Sachet 100G', 2200.00, '2026-05-08 17:22:17.537769+04', '2026-05-08 17:22:17.537769+04', NULL, '1b477199-3a0f-4733-950f-643122e7d406');
INSERT INTO public.products VALUES ('2504011b-fd49-49d3-b212-51e098073e13', 'd90c99b4-f887-452e-b061-917da46c1aa6', 'MAAS-262', 'PETIT POIS AVRIL GM', 2000.00, '2026-05-08 17:22:17.540603+04', '2026-05-08 17:22:17.540603+04', NULL, '1b477199-3a0f-4733-950f-643122e7d406');
INSERT INTO public.products VALUES ('6773f338-2e00-404f-9497-177d54e41a27', 'd90c99b4-f887-452e-b061-917da46c1aa6', 'MAAS-267', 'RIZ ENTIER TEERAL 1KG', 380.00, '2026-05-08 17:22:17.542972+04', '2026-05-08 17:22:17.542972+04', NULL, '1b477199-3a0f-4733-950f-643122e7d406');
INSERT INTO public.products VALUES ('595160e1-fd33-4927-b86a-f413d7c6fd2e', 'd90c99b4-f887-452e-b061-917da46c1aa6', 'MAAS-272', 'RIZ UMBRELLA 25KG', 12800.00, '2026-05-08 17:22:17.548148+04', '2026-05-08 17:22:17.548148+04', NULL, '1b477199-3a0f-4733-950f-643122e7d406');
INSERT INTO public.products VALUES ('cd8dd8bd-8ec5-4034-a4a3-1eef8b34dc79', 'd90c99b4-f887-452e-b061-917da46c1aa6', 'MAAS-278', 'Sucre Beghin say 1kg', 1250.00, '2026-05-08 17:22:17.554073+04', '2026-05-08 17:22:17.554073+04', NULL, '1b477199-3a0f-4733-950f-643122e7d406');
INSERT INTO public.products VALUES ('d3640c3b-cb70-408d-b743-ab0425d86188', 'd90c99b4-f887-452e-b061-917da46c1aa6', 'MAAS-282', 'SUNQUICK FRAISE GM', 3200.00, '2026-05-08 17:22:17.555767+04', '2026-05-08 17:22:17.555767+04', NULL, '1b477199-3a0f-4733-950f-643122e7d406');
INSERT INTO public.products VALUES ('984bea9b-e31b-45bf-9f7b-ab61a5ea01d3', 'd90c99b4-f887-452e-b061-917da46c1aa6', 'MAAS-287', 'Tomate Dieg Sachet', 135.00, '2026-05-08 17:22:17.557609+04', '2026-05-08 17:22:17.557609+04', NULL, '1b477199-3a0f-4733-950f-643122e7d406');
INSERT INTO public.products VALUES ('b1bee763-1310-4b09-bc84-9209653745a0', 'd90c99b4-f887-452e-b061-917da46c1aa6', 'MAAS-292', 'HUILE DE PALME 500ml', 850.00, '2026-05-08 17:22:17.559468+04', '2026-05-08 17:22:17.559468+04', NULL, '1b477199-3a0f-4733-950f-643122e7d406');
INSERT INTO public.products VALUES ('e56e0570-ffeb-44ad-bc57-4d86c45a4ba6', 'd90c99b4-f887-452e-b061-917da46c1aa6', 'MAAS-298', 'Choco pain 1kg', 2300.00, '2026-05-08 17:22:17.565377+04', '2026-05-08 17:22:17.565377+04', NULL, '1b477199-3a0f-4733-950f-643122e7d406');
INSERT INTO public.products VALUES ('bbd0f399-923b-4330-aeb6-cdedb828c8a7', 'd90c99b4-f887-452e-b061-917da46c1aa6', 'MAAS-302', 'Cornichon verre 370G', 850.00, '2026-05-08 17:22:17.570537+04', '2026-05-08 17:22:17.570537+04', NULL, '1b477199-3a0f-4733-950f-643122e7d406');
INSERT INTO public.products VALUES ('c00ffd61-988c-4820-9548-a6648d0ec39c', 'd90c99b4-f887-452e-b061-917da46c1aa6', 'MAAS-307', 'FLEUR D''ORANDE', 200.00, '2026-05-08 17:22:17.572846+04', '2026-05-08 17:22:17.572846+04', NULL, '1b477199-3a0f-4733-950f-643122e7d406');
INSERT INTO public.products VALUES ('e39fa2e3-19c3-4690-a08c-662dba8b3f86', 'd90c99b4-f887-452e-b061-917da46c1aa6', 'MAAS-310', 'Gloria PM POT', 600.00, '2026-05-08 17:22:17.573935+04', '2026-05-08 17:22:17.573935+04', NULL, '1b477199-3a0f-4733-950f-643122e7d406');
INSERT INTO public.products VALUES ('640f098f-d2c9-43dc-88a8-18223e85d045', 'd90c99b4-f887-452e-b061-917da46c1aa6', 'MAAS-314', 'JADIDA 500g', 1150.00, '2026-05-08 17:22:17.575286+04', '2026-05-08 17:22:17.575286+04', NULL, '1b477199-3a0f-4733-950f-643122e7d406');
INSERT INTO public.products VALUES ('c99b33c2-94fe-4365-9e1d-4519590b73ed', 'd90c99b4-f887-452e-b061-917da46c1aa6', 'MAAS-319', 'MACEDOINE AVRIL PM', 1150.00, '2026-05-08 17:22:17.578304+04', '2026-05-08 17:22:17.578304+04', NULL, '1b477199-3a0f-4733-950f-643122e7d406');
INSERT INTO public.products VALUES ('00a6a0f1-dda3-4f4c-94a7-cab5df07aaa2', 'd90c99b4-f887-452e-b061-917da46c1aa6', 'MAAS-324', 'MAGGI TABLETTE AROME', 1650.00, '2026-05-08 17:22:17.58585+04', '2026-05-08 17:22:17.58585+04', NULL, '1b477199-3a0f-4733-950f-643122e7d406');
INSERT INTO public.products VALUES ('0dc73c8e-632f-45ba-bfa4-796dd47b83f6', 'd90c99b4-f887-452e-b061-917da46c1aa6', 'MAAS-329', 'Nescafe POT 100G', 2850.00, '2026-05-08 17:22:17.587751+04', '2026-05-08 17:22:17.587751+04', NULL, '1b477199-3a0f-4733-950f-643122e7d406');
INSERT INTO public.products VALUES ('fafc22f5-4382-4347-a327-4a2a35c499c2', 'd90c99b4-f887-452e-b061-917da46c1aa6', 'MAAS-334', 'OLIVES', 850.00, '2026-05-08 17:22:17.59021+04', '2026-05-08 17:22:17.59021+04', NULL, '1b477199-3a0f-4733-950f-643122e7d406');
INSERT INTO public.products VALUES ('213557e6-8c15-4489-bf98-11a9d0ec964c', 'd90c99b4-f887-452e-b061-917da46c1aa6', 'MAAS-338', 'PINTHON PM', 1400.00, '2026-05-08 17:22:17.591681+04', '2026-05-08 17:22:17.591681+04', NULL, '1b477199-3a0f-4733-950f-643122e7d406');
INSERT INTO public.products VALUES ('ce234fd7-b437-4246-8244-aab9a1769d86', 'd90c99b4-f887-452e-b061-917da46c1aa6', 'MAAS-343', 'RIZ PRESTIGE 1KG', 420.00, '2026-05-08 17:22:17.594842+04', '2026-05-08 17:22:17.594842+04', NULL, '1b477199-3a0f-4733-950f-643122e7d406');
INSERT INTO public.products VALUES ('18b24a67-b9a8-465d-8b7c-1ce5190e4cf6', 'd90c99b4-f887-452e-b061-917da46c1aa6', 'MAAS-348', 'SAUCE SOJA', 700.00, '2026-05-08 17:22:17.602585+04', '2026-05-08 17:22:17.602585+04', NULL, '1b477199-3a0f-4733-950f-643122e7d406');
INSERT INTO public.products VALUES ('43aaeb7b-58ee-4b09-b96d-143dfcd18128', 'd90c99b4-f887-452e-b061-917da46c1aa6', 'MAAS-352', 'Sucre Beghin say 1kg', 1250.00, '2026-05-08 17:22:17.604411+04', '2026-05-08 17:22:17.604411+04', NULL, '1b477199-3a0f-4733-950f-643122e7d406');
INSERT INTO public.products VALUES ('976f00e2-0e37-42f5-806e-75a8c680e0f2', 'd90c99b4-f887-452e-b061-917da46c1aa6', 'MAAS-357', 'SUNQUICK ORANGE GM', 3100.00, '2026-05-08 17:22:17.606312+04', '2026-05-08 17:22:17.606312+04', NULL, '1b477199-3a0f-4733-950f-643122e7d406');
INSERT INTO public.products VALUES ('3500848b-8239-4484-a776-91459285ac36', 'd90c99b4-f887-452e-b061-917da46c1aa6', 'MAAS-362', 'VERMICELLE DALIA 500G', 750.00, '2026-05-08 17:22:17.608026+04', '2026-05-08 17:22:17.608026+04', NULL, '1b477199-3a0f-4733-950f-643122e7d406');
INSERT INTO public.products VALUES ('63e81e70-8b89-49fa-b206-fd9b924f9361', 'd90c99b4-f887-452e-b061-917da46c1aa6', 'MAAS-367', 'Gloria Sachet 370g', 1950.00, '2026-05-08 17:22:17.610823+04', '2026-05-08 17:22:17.610823+04', NULL, '1b477199-3a0f-4733-950f-643122e7d406');
INSERT INTO public.products VALUES ('9c138b1c-a92e-443e-9fc0-aa5b8935d37e', 'd90c99b4-f887-452e-b061-917da46c1aa6', 'MAAS-372', 'Vermicelle Dalia 500g', 750.00, '2026-05-08 17:22:17.616149+04', '2026-05-08 17:22:17.616149+04', NULL, '1b477199-3a0f-4733-950f-643122e7d406');
INSERT INTO public.products VALUES ('bb8b0b75-7036-437b-aaf4-b20d25ee2bc8', 'd90c99b4-f887-452e-b061-917da46c1aa6', 'MAAS-377', 'Coucous Kayna 1kg', 1250.00, '2026-05-08 17:22:17.62052+04', '2026-05-08 17:22:17.62052+04', NULL, '1b477199-3a0f-4733-950f-643122e7d406');
INSERT INTO public.products VALUES ('41251d24-9552-45ae-bc19-b3417af54c45', 'e7c38f54-4c01-456b-b822-e5484ed70f48', 'MAAS-5', 'Yell', 2000.00, '2026-05-08 17:22:17.107546+04', '2026-05-08 17:22:17.107546+04', NULL, '72d14212-7b68-4b50-adcc-7f5426c19fc2');
INSERT INTO public.products VALUES ('7ab6a781-a813-49bb-b7ea-14de42f7dcba', 'e7c38f54-4c01-456b-b822-e5484ed70f48', 'MAAS-11', 'Veau en détail', 3900.00, '2026-05-08 17:22:17.111536+04', '2026-05-08 17:22:17.111536+04', NULL, 'f7e1d19c-62b6-4f96-a0a5-3c008a406b48');
INSERT INTO public.products VALUES ('a6362870-be96-4d64-85dd-e344d96319cb', 'e7c38f54-4c01-456b-b822-e5484ed70f48', 'MAAS-16', 'Tete de Boeuf', 10000.00, '2026-05-08 17:22:17.113905+04', '2026-05-08 17:22:17.113905+04', NULL, 'f7e1d19c-62b6-4f96-a0a5-3c008a406b48');
INSERT INTO public.products VALUES ('0388e38a-ee2b-43ad-98d2-0f33e9c5e84e', 'e7c38f54-4c01-456b-b822-e5484ed70f48', 'MAAS-23', 'Poulet en détail', 3500.00, '2026-05-08 17:22:17.116487+04', '2026-05-08 17:22:17.116487+04', NULL, 'f0be9fd0-5907-4dbc-b5cd-789a886e1989');
INSERT INTO public.products VALUES ('493d4e55-6363-4b85-a841-2c967c952b91', 'e7c38f54-4c01-456b-b822-e5484ed70f48', 'MAAS-28', 'Merguez poulet', 5500.00, '2026-05-08 17:22:17.119052+04', '2026-05-08 17:22:17.119052+04', NULL, 'f7e1d19c-62b6-4f96-a0a5-3c008a406b48');
INSERT INTO public.products VALUES ('eddf2bbe-9e4f-470d-befb-c89f333a21ec', 'e7c38f54-4c01-456b-b822-e5484ed70f48', 'MAAS-32', 'Pack50000', 50000.00, '2026-05-08 17:22:17.120911+04', '2026-05-08 17:22:17.120911+04', NULL, 'c204f86b-6c81-4bd1-9715-a953b76e972a');
INSERT INTO public.products VALUES ('4558dc3a-2e02-4fe8-a5c2-11604b2533e7', 'e7c38f54-4c01-456b-b822-e5484ed70f48', 'MAAS-37', 'Produit divers', 0.00, '2026-05-08 17:22:17.123583+04', '2026-05-08 17:22:17.123583+04', NULL, '72d14212-7b68-4b50-adcc-7f5426c19fc2');
INSERT INTO public.products VALUES ('6f6e2cbc-2ec4-42d4-86a7-7085f0a0c977', 'e7c38f54-4c01-456b-b822-e5484ed70f48', 'MAAS-41', 'Boeuf en gros', 3400.00, '2026-05-08 17:22:17.125744+04', '2026-05-08 17:22:17.125744+04', NULL, 'f7e1d19c-62b6-4f96-a0a5-3c008a406b48');
INSERT INTO public.products VALUES ('b75a0aee-4b38-4a54-b358-b8f11f12c28e', 'e7c38f54-4c01-456b-b822-e5484ed70f48', 'MAAS-46', 'Abats', 950.00, '2026-05-08 17:22:17.129419+04', '2026-05-08 17:22:17.129419+04', NULL, 'f7e1d19c-62b6-4f96-a0a5-3c008a406b48');
INSERT INTO public.products VALUES ('4dba3a24-9eaf-460f-9d4c-55d329992689', 'e7c38f54-4c01-456b-b822-e5484ed70f48', 'MAAS-50', 'Veau en détail', 3800.00, '2026-05-08 17:22:17.13167+04', '2026-05-08 17:22:17.13167+04', NULL, 'f7e1d19c-62b6-4f96-a0a5-3c008a406b48');
INSERT INTO public.products VALUES ('93696498-ec74-49c7-aa7d-c600d14c17b8', 'e7c38f54-4c01-456b-b822-e5484ed70f48', 'MAAS-55', 'Tete de Boeuf', 9900.00, '2026-05-08 17:22:17.134351+04', '2026-05-08 17:22:17.134351+04', NULL, 'f7e1d19c-62b6-4f96-a0a5-3c008a406b48');
INSERT INTO public.products VALUES ('3b05297d-8227-45a1-b387-df39c36202f5', 'e7c38f54-4c01-456b-b822-e5484ed70f48', 'MAAS-60', 'Tete Agneau', 950.00, '2026-05-08 17:22:17.136884+04', '2026-05-08 17:22:17.136884+04', NULL, '8f1f37aa-c863-4be2-80c2-a24588030b48');
INSERT INTO public.products VALUES ('61a7c3e4-26ab-40d0-8ab2-1bad2ac35adb', 'e7c38f54-4c01-456b-b822-e5484ed70f48', 'MAAS-65', 'Pack Pigeon', 2400.00, '2026-05-08 17:22:17.139987+04', '2026-05-08 17:22:17.139987+04', NULL, 'c204f86b-6c81-4bd1-9715-a953b76e972a');
INSERT INTO public.products VALUES ('fb9ef0e3-5279-4c8e-840f-a26a57f679d4', 'e7c38f54-4c01-456b-b822-e5484ed70f48', 'MAAS-69', 'Pack30000', 29500.00, '2026-05-08 17:22:17.142396+04', '2026-05-08 17:22:17.142396+04', NULL, 'c204f86b-6c81-4bd1-9715-a953b76e972a');
INSERT INTO public.products VALUES ('eb5f517a-a889-41ef-ad87-705ca6df0e50', 'e7c38f54-4c01-456b-b822-e5484ed70f48', 'MAAS-74', 'Pack20000', 19500.00, '2026-05-08 17:22:17.145375+04', '2026-05-08 17:22:17.145375+04', NULL, 'c204f86b-6c81-4bd1-9715-a953b76e972a');
INSERT INTO public.products VALUES ('499d9d07-832f-49c3-937d-7f1d2b83fd55', 'e7c38f54-4c01-456b-b822-e5484ed70f48', 'MAAS-79', 'Boeuf', 3800.00, '2026-05-08 17:22:17.148258+04', '2026-05-08 17:22:17.148258+04', NULL, 'f7e1d19c-62b6-4f96-a0a5-3c008a406b48');
INSERT INTO public.products VALUES ('30619742-7112-41ad-8a56-84274606d7e5', 'e7c38f54-4c01-456b-b822-e5484ed70f48', 'MAAS-81', 'Poulet', 3500.00, '2026-05-08 17:22:17.149384+04', '2026-05-08 17:22:17.149384+04', NULL, 'f0be9fd0-5907-4dbc-b5cd-789a886e1989');
INSERT INTO public.products VALUES ('07b5455c-3935-4dcf-93cf-0185f3cf71ac', 'e7c38f54-4c01-456b-b822-e5484ed70f48', 'MAAS-85', 'Yell', 2500.00, '2026-05-08 17:22:17.151473+04', '2026-05-08 17:22:17.151473+04', NULL, '72d14212-7b68-4b50-adcc-7f5426c19fc2');
INSERT INTO public.products VALUES ('83a7cb9d-2431-4fd0-ae7e-8b303bfaf136', 'e7c38f54-4c01-456b-b822-e5484ed70f48', 'MAAS-89', 'Mergez', 5000.00, '2026-05-08 17:22:17.153294+04', '2026-05-08 17:22:17.153294+04', NULL, '72d14212-7b68-4b50-adcc-7f5426c19fc2');
INSERT INTO public.products VALUES ('810e3870-19c8-4ac8-8279-d4c47881bacc', 'e7c38f54-4c01-456b-b822-e5484ed70f48', 'MAAS-94', 'Mouton sur pieds', 0.00, '2026-05-08 17:22:17.155355+04', '2026-05-08 17:22:17.155355+04', NULL, '8f1f37aa-c863-4be2-80c2-a24588030b48');
INSERT INTO public.products VALUES ('773f3054-dc74-4a43-9dfc-e923a5a8b7a1', 'e7c38f54-4c01-456b-b822-e5484ed70f48', 'MAAS-100', 'Petit pois', 1000.00, '2026-05-08 17:22:17.15811+04', '2026-05-08 17:22:17.15811+04', NULL, '72d14212-7b68-4b50-adcc-7f5426c19fc2');
INSERT INTO public.products VALUES ('64e57844-175e-4555-9270-a129a2a765be', 'e7c38f54-4c01-456b-b822-e5484ed70f48', 'MAAS-221', 'ARICOTS BLANC PM', 1050.00, '2026-05-08 17:22:17.160996+04', '2026-05-08 17:22:17.160996+04', NULL, '72d14212-7b68-4b50-adcc-7f5426c19fc2');
INSERT INTO public.products VALUES ('63163a75-21e7-4ad3-b91b-1386deba7121', 'e7c38f54-4c01-456b-b822-e5484ed70f48', 'MAAS-226', 'CITRON LIQUIDE', 1200.00, '2026-05-08 17:22:17.163325+04', '2026-05-08 17:22:17.163325+04', NULL, '72d14212-7b68-4b50-adcc-7f5426c19fc2');
INSERT INTO public.products VALUES ('f1dffa15-392b-47ba-92e0-c5793c7eb387', 'e7c38f54-4c01-456b-b822-e5484ed70f48', 'MAAS-230', 'COUSCOUS KAYNA 500G', 700.00, '2026-05-08 17:22:17.165355+04', '2026-05-08 17:22:17.165355+04', NULL, '72d14212-7b68-4b50-adcc-7f5426c19fc2');
INSERT INTO public.products VALUES ('a8117433-41b2-4457-bb57-e20a0712db01', 'e7c38f54-4c01-456b-b822-e5484ed70f48', 'MAAS-235', 'Gloria GM POT', 1350.00, '2026-05-08 17:22:17.168579+04', '2026-05-08 17:22:17.168579+04', NULL, '72d14212-7b68-4b50-adcc-7f5426c19fc2');
INSERT INTO public.products VALUES ('ab83bef6-bff9-4765-bd34-287bff0433c2', 'e7c38f54-4c01-456b-b822-e5484ed70f48', 'MAAS-240', 'JADIDA 500g', 1150.00, '2026-05-08 17:22:17.173642+04', '2026-05-08 17:22:17.173642+04', NULL, '72d14212-7b68-4b50-adcc-7f5426c19fc2');
INSERT INTO public.products VALUES ('83a22363-92cd-4a89-a041-e1af8c7e053b', 'e7c38f54-4c01-456b-b822-e5484ed70f48', 'MAAS-245', 'MACEDOINE AVRIL PM', 1150.00, '2026-05-08 17:22:17.187068+04', '2026-05-08 17:22:17.187068+04', NULL, '72d14212-7b68-4b50-adcc-7f5426c19fc2');
INSERT INTO public.products VALUES ('6cd666c4-12bd-4bf0-847e-cf3855ba6a12', 'e7c38f54-4c01-456b-b822-e5484ed70f48', 'MAAS-249', 'MAGGI MAMEUN EPICES', 75.00, '2026-05-08 17:22:17.190528+04', '2026-05-08 17:22:17.190528+04', NULL, '72d14212-7b68-4b50-adcc-7f5426c19fc2');
INSERT INTO public.products VALUES ('a54be4e6-a59f-419b-ada3-9d2d4a214445', 'e7c38f54-4c01-456b-b822-e5484ed70f48', 'MAAS-255', 'Nescafe POT 100G', 2850.00, '2026-05-08 17:22:17.194558+04', '2026-05-08 17:22:17.194558+04', NULL, '72d14212-7b68-4b50-adcc-7f5426c19fc2');
INSERT INTO public.products VALUES ('ede5974c-f88e-4508-886c-cfd423c7742c', 'e7c38f54-4c01-456b-b822-e5484ed70f48', 'MAAS-259', 'OIGNON SAC', 520.00, '2026-05-08 17:22:17.19958+04', '2026-05-08 17:22:17.19958+04', NULL, '72d14212-7b68-4b50-adcc-7f5426c19fc2');
INSERT INTO public.products VALUES ('4ff93ba5-76cc-455d-8f9e-d1f8c1e51257', 'e7c38f54-4c01-456b-b822-e5484ed70f48', 'MAAS-264', 'PINTHON PM', 1400.00, '2026-05-08 17:22:17.206795+04', '2026-05-08 17:22:17.206795+04', NULL, '72d14212-7b68-4b50-adcc-7f5426c19fc2');
INSERT INTO public.products VALUES ('632d4540-e484-4b7a-ae77-aba44e04a70a', 'e7c38f54-4c01-456b-b822-e5484ed70f48', 'MAAS-269', 'RIZ PRESTIGE 1KG', 420.00, '2026-05-08 17:22:17.209717+04', '2026-05-08 17:22:17.209717+04', NULL, '72d14212-7b68-4b50-adcc-7f5426c19fc2');
INSERT INTO public.products VALUES ('a1716779-fb10-42c1-bc5f-3290845866dc', 'e7c38f54-4c01-456b-b822-e5484ed70f48', 'MAAS-274', 'SAUCE SOJA', 700.00, '2026-05-08 17:22:17.215262+04', '2026-05-08 17:22:17.215262+04', NULL, '72d14212-7b68-4b50-adcc-7f5426c19fc2');
INSERT INTO public.products VALUES ('34be6422-9026-4b23-8c84-3a8ce2f919c6', 'e7c38f54-4c01-456b-b822-e5484ed70f48', 'MAAS-275', 'SEL', 100.00, '2026-05-08 17:22:17.220138+04', '2026-05-08 17:22:17.220138+04', NULL, '72d14212-7b68-4b50-adcc-7f5426c19fc2');
INSERT INTO public.products VALUES ('cf16c2eb-00c5-4670-81ab-77e96397fb51', 'e7c38f54-4c01-456b-b822-e5484ed70f48', 'MAAS-279', 'Sucre en poudre j''adore 1kg', 750.00, '2026-05-08 17:22:17.225191+04', '2026-05-08 17:22:17.225191+04', NULL, '72d14212-7b68-4b50-adcc-7f5426c19fc2');
INSERT INTO public.products VALUES ('2b55383f-8738-4481-bf01-cb1dfd3b5b50', 'e7c38f54-4c01-456b-b822-e5484ed70f48', 'MAAS-284', 'The Flech blanc pm', 1300.00, '2026-05-08 17:22:17.230644+04', '2026-05-08 17:22:17.230644+04', NULL, '72d14212-7b68-4b50-adcc-7f5426c19fc2');
INSERT INTO public.products VALUES ('e359ba88-ecfb-41a8-884a-b7fb11cb379a', 'e7c38f54-4c01-456b-b822-e5484ed70f48', 'MAAS-289', 'VINAIGRE ADJA COLORE 1L', 500.00, '2026-05-08 17:22:17.239922+04', '2026-05-08 17:22:17.239922+04', NULL, '72d14212-7b68-4b50-adcc-7f5426c19fc2');
INSERT INTO public.products VALUES ('f50af17e-d266-4b09-9379-751e6940d8c3', 'e7c38f54-4c01-456b-b822-e5484ed70f48', 'MAAS-295', 'ARICOTS BLANC PM', 1050.00, '2026-05-08 17:22:17.243622+04', '2026-05-08 17:22:17.243622+04', NULL, '72d14212-7b68-4b50-adcc-7f5426c19fc2');
INSERT INTO public.products VALUES ('c73a8b9e-b9d8-4e2e-ae0f-855a83a40653', 'e7c38f54-4c01-456b-b822-e5484ed70f48', 'MAAS-299', 'Choco pain 500g', 1275.00, '2026-05-08 17:22:17.248145+04', '2026-05-08 17:22:17.248145+04', NULL, '72d14212-7b68-4b50-adcc-7f5426c19fc2');
INSERT INTO public.products VALUES ('f5c41982-6683-4dfc-8ede-c43e4f72972b', 'e7c38f54-4c01-456b-b822-e5484ed70f48', 'MAAS-304', 'COUSCOUS KAYNA 500G', 700.00, '2026-05-08 17:22:17.259127+04', '2026-05-08 17:22:17.259127+04', NULL, '72d14212-7b68-4b50-adcc-7f5426c19fc2');
INSERT INTO public.products VALUES ('f703bda2-cc0a-4d40-8624-2cebe95a1823', 'e7c38f54-4c01-456b-b822-e5484ed70f48', 'MAAS-309', 'Gloria GM POT', 1350.00, '2026-05-08 17:22:17.269055+04', '2026-05-08 17:22:17.269055+04', NULL, '72d14212-7b68-4b50-adcc-7f5426c19fc2');
INSERT INTO public.products VALUES ('f000ebaa-d67f-4a26-ac41-15af56d3bf9c', 'e7c38f54-4c01-456b-b822-e5484ed70f48', 'MAAS-314', 'JADIDA 500g', 1150.00, '2026-05-08 17:22:17.274236+04', '2026-05-08 17:22:17.274236+04', NULL, '72d14212-7b68-4b50-adcc-7f5426c19fc2');
INSERT INTO public.products VALUES ('13679518-a11f-42a5-8037-e13b4554db6a', 'e7c38f54-4c01-456b-b822-e5484ed70f48', 'MAAS-318', 'MACARONI 500G', 600.00, '2026-05-08 17:22:17.276698+04', '2026-05-08 17:22:17.276698+04', NULL, '72d14212-7b68-4b50-adcc-7f5426c19fc2');
INSERT INTO public.products VALUES ('9d3e0471-aae1-4812-9500-b2c8e4467a5b', 'e7c38f54-4c01-456b-b822-e5484ed70f48', 'MAAS-323', 'MAGGI MAMEUN EPICES', 75.00, '2026-05-08 17:22:17.283446+04', '2026-05-08 17:22:17.283446+04', NULL, '72d14212-7b68-4b50-adcc-7f5426c19fc2');
INSERT INTO public.products VALUES ('246c7e7e-ce81-4b42-9de4-1899d94b89df', 'e7c38f54-4c01-456b-b822-e5484ed70f48', 'MAAS-328', 'Nescafe POT 200G', 5000.00, '2026-05-08 17:22:17.292076+04', '2026-05-08 17:22:17.292076+04', NULL, '72d14212-7b68-4b50-adcc-7f5426c19fc2');
INSERT INTO public.products VALUES ('a88d589b-4294-4627-ad4a-f727aac6e942', 'e7c38f54-4c01-456b-b822-e5484ed70f48', 'MAAS-333', 'OIGNON SAC', 520.00, '2026-05-08 17:22:17.29655+04', '2026-05-08 17:22:17.29655+04', NULL, '72d14212-7b68-4b50-adcc-7f5426c19fc2');
INSERT INTO public.products VALUES ('bb88ff23-b488-4475-9654-33fdbcab9008', 'e7c38f54-4c01-456b-b822-e5484ed70f48', 'MAAS-337', 'PETIT POIS ORDINAIRE GM', 850.00, '2026-05-08 17:22:17.303723+04', '2026-05-08 17:22:17.303723+04', NULL, '72d14212-7b68-4b50-adcc-7f5426c19fc2');
INSERT INTO public.products VALUES ('b20f233b-286e-4ac5-a860-6f99a898b62d', 'e7c38f54-4c01-456b-b822-e5484ed70f48', 'MAAS-342', 'RIZ ENTIER TEERAL 25KG', 10550.00, '2026-05-08 17:22:17.305797+04', '2026-05-08 17:22:17.305797+04', NULL, '72d14212-7b68-4b50-adcc-7f5426c19fc2');
INSERT INTO public.products VALUES ('d9a0a43d-691d-45f9-a5a8-8d2bf22ca1a2', 'e7c38f54-4c01-456b-b822-e5484ed70f48', 'MAAS-349', 'SEL', 100.00, '2026-05-08 17:22:17.309443+04', '2026-05-08 17:22:17.309443+04', NULL, '72d14212-7b68-4b50-adcc-7f5426c19fc2');
INSERT INTO public.products VALUES ('486152a3-e3ef-450d-b8d3-4ab4c8e57741', 'e7c38f54-4c01-456b-b822-e5484ed70f48', 'MAAS-353', 'Sucre en poudre j''adore 1kg', 750.00, '2026-05-08 17:22:17.313292+04', '2026-05-08 17:22:17.313292+04', NULL, '72d14212-7b68-4b50-adcc-7f5426c19fc2');
INSERT INTO public.products VALUES ('a60837a3-c7fd-488b-b1aa-0a742f8ccf88', 'e7c38f54-4c01-456b-b822-e5484ed70f48', 'MAAS-358', 'The Flech blanc pm', 1300.00, '2026-05-08 17:22:17.321511+04', '2026-05-08 17:22:17.321511+04', NULL, '72d14212-7b68-4b50-adcc-7f5426c19fc2');
INSERT INTO public.products VALUES ('62f8e197-bf2e-4b83-b417-0c3c1565bf7f', 'e7c38f54-4c01-456b-b822-e5484ed70f48', 'MAAS-363', 'VINAIGRE ADJA COLORE 1L', 500.00, '2026-05-08 17:22:17.324381+04', '2026-05-08 17:22:17.324381+04', NULL, '72d14212-7b68-4b50-adcc-7f5426c19fc2');
INSERT INTO public.products VALUES ('796196a9-e996-4639-a705-d0f24234945b', 'e7c38f54-4c01-456b-b822-e5484ed70f48', 'MAAS-368', 'Gloria Sachet 370g', 1950.00, '2026-05-08 17:22:17.328042+04', '2026-05-08 17:22:17.328042+04', NULL, '72d14212-7b68-4b50-adcc-7f5426c19fc2');
INSERT INTO public.products VALUES ('1f51b450-4f80-4907-ae8d-c84b4b5a8288', 'e7c38f54-4c01-456b-b822-e5484ed70f48', 'MAAS-374', 'Fromage Lvqr Pm', 1000.00, '2026-05-08 17:22:17.338544+04', '2026-05-08 17:22:17.338544+04', NULL, '72d14212-7b68-4b50-adcc-7f5426c19fc2');
INSERT INTO public.products VALUES ('3018abba-fcb4-41c8-a6a0-3e3b7321f035', 'e7c38f54-4c01-456b-b822-e5484ed70f48', 'MAAS-378', 'Coucous Kayna 1kg', 1250.00, '2026-05-08 17:22:17.341478+04', '2026-05-08 17:22:17.341478+04', NULL, '72d14212-7b68-4b50-adcc-7f5426c19fc2');
INSERT INTO public.products VALUES ('64907ee7-696a-4947-a31d-aa3fc63c9a0e', 'e7c38f54-4c01-456b-b822-e5484ed70f48', 'MAAS-386', 'Boeuf En Gros', 3500.00, '2026-05-08 17:22:17.345502+04', '2026-05-08 17:22:17.345502+04', NULL, 'f7e1d19c-62b6-4f96-a0a5-3c008a406b48');
INSERT INTO public.products VALUES ('4c2f6fdb-802b-488a-9d05-f478a7341b11', 'e7c38f54-4c01-456b-b822-e5484ed70f48', 'MAAS-391', 'Veau en détail', 3900.00, '2026-05-08 17:22:17.353382+04', '2026-05-08 17:22:17.353382+04', NULL, 'f7e1d19c-62b6-4f96-a0a5-3c008a406b48');


--
-- Data for Name: role_permissions; Type: TABLE DATA; Schema: public; Owner: matix_admin
--



--
-- Data for Name: sales; Type: TABLE DATA; Schema: public; Owner: matix_admin
--

INSERT INTO public.sales VALUES ('5a6c53ff-8fd5-4165-ac0d-a2dfe8188cc4', 'e7c38f54-4c01-456b-b822-e5484ed70f48', '9b00c2ef-69b3-4027-bb91-1d4e263ae8b7', NULL, 'aabbccdd-eeff-4000-8000-000000000001', 'posted', 375.00, 0.00, 375.00, 375.00, 0.00, 'MATA-MBAO-2026-000001', 'Demo vente test', '2026-05-08 17:24:12.911123+04', NULL, NULL, '2026-05-08 17:24:12.911123+04', '2026-05-08 17:24:12.911123+04', NULL);


--
-- Data for Name: sale_items; Type: TABLE DATA; Schema: public; Owner: matix_admin
--

INSERT INTO public.sale_items VALUES ('4b98ab8f-7a1f-4e21-a4c3-a0c16bc34355', 'e7c38f54-4c01-456b-b822-e5484ed70f48', '5a6c53ff-8fd5-4165-ac0d-a2dfe8188cc4', '6cd666c4-12bd-4bf0-847e-cf3855ba6a12', 5.000, 75.00, 0.00, 0.0000, 0.00, 375.00, '2026-05-08 17:24:12.911123+04');


--
-- Data for Name: sale_payments; Type: TABLE DATA; Schema: public; Owner: matix_admin
--

INSERT INTO public.sale_payments VALUES ('81c242c2-f823-4abb-9d27-8ff979dfb398', 'e7c38f54-4c01-456b-b822-e5484ed70f48', '5a6c53ff-8fd5-4165-ac0d-a2dfe8188cc4', 'cash', 375.00, NULL, 'succeeded', '2026-05-08 17:24:12.911123+04', 'aabbccdd-eeff-4000-8000-000000000001', '2026-05-08 17:24:12.911123+04');


--
-- Data for Name: stock_levels; Type: TABLE DATA; Schema: public; Owner: matix_admin
--

INSERT INTO public.stock_levels VALUES ('b89398fa-da86-4057-8f79-276780d7c7e1', 'e7c38f54-4c01-456b-b822-e5484ed70f48', '499d9d07-832f-49c3-937d-7f1d2b83fd55', '9b00c2ef-69b3-4027-bb91-1d4e263ae8b7', 100.000, 0.000, '2026-05-08 17:22:17.402027+04');
INSERT INTO public.stock_levels VALUES ('fb962754-be14-402e-bad9-ffc1c27eb0f9', 'e7c38f54-4c01-456b-b822-e5484ed70f48', '6cd666c4-12bd-4bf0-847e-cf3855ba6a12', '9b00c2ef-69b3-4027-bb91-1d4e263ae8b7', 45.000, 0.000, '2026-05-08 17:24:12.911123+04');


--
-- Data for Name: stock_movements; Type: TABLE DATA; Schema: public; Owner: matix_admin
--

INSERT INTO public.stock_movements VALUES ('80f5486a-ee10-4507-b05a-5296f17768ee', 'e7c38f54-4c01-456b-b822-e5484ed70f48', '499d9d07-832f-49c3-937d-7f1d2b83fd55', '9b00c2ef-69b3-4027-bb91-1d4e263ae8b7', 'opening', 100.000, 3800.00, NULL, NULL, 'maas-import:mbao:05-05-2026', NULL, '2026-05-05 00:00:00+04');
INSERT INTO public.stock_movements VALUES ('cfba6132-2521-4029-963e-02715c422568', 'e7c38f54-4c01-456b-b822-e5484ed70f48', '6cd666c4-12bd-4bf0-847e-cf3855ba6a12', '9b00c2ef-69b3-4027-bb91-1d4e263ae8b7', 'opening', 50.000, NULL, NULL, NULL, 'Demo seed', 'aabbccdd-eeff-4000-8000-000000000001', '2026-05-08 17:24:12.848984+04');
INSERT INTO public.stock_movements VALUES ('2c9f053f-ca97-4149-9a78-bd020bdd1481', 'e7c38f54-4c01-456b-b822-e5484ed70f48', '6cd666c4-12bd-4bf0-847e-cf3855ba6a12', '9b00c2ef-69b3-4027-bb91-1d4e263ae8b7', 'sale', -5.000, 75.00, 'sales', '5a6c53ff-8fd5-4165-ac0d-a2dfe8188cc4', NULL, 'aabbccdd-eeff-4000-8000-000000000001', '2026-05-08 17:24:12.911123+04');


--
-- Data for Name: tenant_licenses; Type: TABLE DATA; Schema: public; Owner: matix_admin
--

INSERT INTO public.tenant_licenses VALUES ('b2222222-2222-4222-8222-222222222222', 'commercial.sales.pos', true, 'plan', NULL, '2026-05-08 19:21:56.936204+04', '2026-05-08 19:21:56.936204+04');
INSERT INTO public.tenant_licenses VALUES ('a1111111-1111-4111-8111-111111111111', 'platform.identity', true, 'plan', NULL, '2026-05-08 21:12:27.392965+04', '2026-05-08 21:12:27.392965+04');
INSERT INTO public.tenant_licenses VALUES ('a1111111-1111-4111-8111-111111111111', 'platform.team', true, 'plan', NULL, '2026-05-08 21:12:27.392965+04', '2026-05-08 21:12:27.392965+04');
INSERT INTO public.tenant_licenses VALUES ('a1111111-1111-4111-8111-111111111111', 'platform.settings', true, 'plan', NULL, '2026-05-08 21:12:27.392965+04', '2026-05-08 21:12:27.392965+04');
INSERT INTO public.tenant_licenses VALUES ('a1111111-1111-4111-8111-111111111111', 'platform.notifications', true, 'plan', NULL, '2026-05-08 21:12:27.392965+04', '2026-05-08 21:12:27.392965+04');
INSERT INTO public.tenant_licenses VALUES ('a1111111-1111-4111-8111-111111111111', 'platform.files', true, 'plan', NULL, '2026-05-08 21:12:27.392965+04', '2026-05-08 21:12:27.392965+04');
INSERT INTO public.tenant_licenses VALUES ('a1111111-1111-4111-8111-111111111111', 'platform.audit', true, 'plan', NULL, '2026-05-08 21:12:27.392965+04', '2026-05-08 21:12:27.392965+04');
INSERT INTO public.tenant_licenses VALUES ('a1111111-1111-4111-8111-111111111111', 'platform.snapshots', true, 'plan', NULL, '2026-05-08 21:12:27.392965+04', '2026-05-08 21:12:27.392965+04');
INSERT INTO public.tenant_licenses VALUES ('a1111111-1111-4111-8111-111111111111', 'commercial.crm.customers', true, 'plan', NULL, '2026-05-08 21:12:27.392965+04', '2026-05-08 21:12:27.392965+04');
INSERT INTO public.tenant_licenses VALUES ('a1111111-1111-4111-8111-111111111111', 'commercial.sales.pos', true, 'plan', NULL, '2026-05-08 21:12:27.392965+04', '2026-05-08 21:12:27.392965+04');
INSERT INTO public.tenant_licenses VALUES ('a1111111-1111-4111-8111-111111111111', 'operations.inventory.levels', true, 'plan', NULL, '2026-05-08 21:12:27.392965+04', '2026-05-08 21:12:27.392965+04');
INSERT INTO public.tenant_licenses VALUES ('a1111111-1111-4111-8111-111111111111', 'operations.inventory.movements', true, 'plan', NULL, '2026-05-08 21:12:27.392965+04', '2026-05-08 21:12:27.392965+04');


--
-- Data for Name: tenant_members; Type: TABLE DATA; Schema: public; Owner: matix_admin
--

INSERT INTO public.tenant_members VALUES ('a1111111-1111-4111-8111-111111111111', 'a1111111-aaaa-4aaa-8aaa-aaaaaaaaaaaa', 'owner@acme.test', 'owner', '2026-05-08 14:33:32.021632+04', NULL);
INSERT INTO public.tenant_members VALUES ('a1111111-1111-4111-8111-111111111111', 'd5f0fa39-376f-49dc-97b7-7ff9c08356d0', 'owner@acme.test', 'owner', '2026-05-08 16:11:23.126928+04', NULL);
INSERT INTO public.tenant_members VALUES ('966a57b8-16ba-45c2-962c-1538737cf63b', '74d35c17-034a-46c6-b10e-ab5cd1f21247', 'alice@demo-corp.test', 'owner', '2026-05-08 16:34:27.126566+04', NULL);
INSERT INTO public.tenant_members VALUES ('d90c99b4-f887-452e-b061-917da46c1aa6', 'ac051744-dcb7-4ee5-91ca-0d2bc7d5835f', 'owner@mata-keur-massar.test', 'owner', '2026-05-08 17:25:59.27351+04', NULL);
INSERT INTO public.tenant_members VALUES ('e7c38f54-4c01-456b-b822-e5484ed70f48', 'c5daed74-0f0a-4407-a52f-bc63d571eb43', 'owner@mata-mbao.test', 'owner', '2026-05-08 17:25:59.427651+04', NULL);
INSERT INTO public.tenant_members VALUES ('b2222222-2222-4222-8222-222222222222', 'b2222222-bbbb-4bbb-8bbb-bbbbbbbbbbbb', 'owner@beta.test', 'owner', '2026-05-08 14:33:32.021632+04', NULL);
INSERT INTO public.tenant_members VALUES ('b2222222-2222-4222-8222-222222222222', 'f9a62305-17d6-4a7e-a75f-0c495fd9553d', 'owner@beta.test', 'owner', '2026-05-08 16:11:23.126928+04', NULL);


--
-- PostgreSQL database dump complete
--

